img,rating,reviews,brand,title,model,price,shipping_price,original_price,memory_gb,series,price_per_gb,segment
https://c1.neweggimages.com/productimage/nb300/14-202-457-01.jpg,4.7,125.0,Sapphire Tech,SAPPHIRE PULSE Radeon RX 9060 XT 16GB GDDR6 PCI Express 5.0 x16 ATX Graphics Card 11350-03-20G,11350-03-20G,499.99,Free Shipping,,16.0,RX 9000,31.25,Entry-level (<$500)
https://c1.neweggimages.com/productimage/nb300/14-930-140-04.jpg,4.7,111.0,ASRock,ASRock Challenger Radeon RX 9060 XT 16GB GDDR6 PCI Express 5.0 x16 Graphics Card RX9060XT CL 16GO RX 9060XT,RX9060XT CL 16GO,469.99,Free Shipping,498.49,16.0,RX 9000,29.37,Entry-level (<$500)
https://c1.neweggimages.com/productimage/nb300/14-932-768-19.png,4.8,241.0,GIGABYTE,GIGABYTE Gaming GeForce RTX 5070 Ti 16GB GDDR7 PCI Express 5.0 ATX Graphics Card GV-N507TGAMING OC-16GD,GV-N507TGAMING OC-16GD,1249.99,Free Shipping,,16.0,RTX 5000,78.12,High-end (>$1200)
https://c1.neweggimages.com/productimage/nb300/14-930-145-02.png,4.6,139.0,ASRock,ASRock Challenger Radeon RX 9070 XT 16GB GDDR6 PCI Express 5.0 x16 Graphics Card RX9070XT CL 16G,RX9070XT CL 16G,808.99,Free Shipping,,16.0,RX 9000,50.56,Mid-range ($500-1200)
https://c1.neweggimages.com/productimage/nb300/14-930-138-03.jpg,4.5,74.0,ASRock,ASRock Challenger Radeon RX 9070 16GB GDDR6 PCI Express 5.0 x16 ATX Graphics Card RX9070 CL 16G,RX9070 CL 16G,649.99,Free Shipping,650.0,16.0,RX 9000,40.62,Mid-range ($500-1200)
https://c1.neweggimages.com/productimage/nb300/14-932-753-03.png,4.6,300.0,GIGABYTE,GIGABYTE Gaming GeForce RTX 5080 16GB GDDR7 PCI Express 5.0 Graphics Card GV-N5080GAMING OC-16GD,GV-N5080GAMING OC-16GD,1699.99,Free Shipping,,16.0,RTX 5000,106.25,High-end (>$1200)
https://c1.neweggimages.com/productimage/nb300/14-932-774-01.jpg,4.3,142.0,GIGABYTE,GIGABYTE Gaming GeForce RTX 5070 12GB GDDR7 PCI Express 5.0 ATX Graphics Card GV-N5070GAMING OC-12GD,GV-N5070GAMING OC-12GD,839.99,Free Shipping,,12.0,RTX 5000,70.0,Mid-range ($500-1200)
https://c1.neweggimages.com/productimage/nb300/14-932-827-12.jpg,4.5,237.0,GIGABYTE,GIGABYTE Gaming Radeon RX 9070 GRE 12GB GDDR6 PCI Express 5.0 ATX Graphics Card GV-R907GREGAMING OC-12GD,GV-R907GREGAMING OC-12GD,549.99,$14.65 Shipping,567.49,12.0,RX 9000,45.83,Mid-range ($500-1200)
https://c1.neweggimages.com/productimage/nb300/14-930-131-07.jpg,4.2,54.0,ASRock,ASRock Challenger Arc B580 12GB GDDR6 PCI Express 4.0 x8 ATX Graphics Card B580 CL 12GO,B580 CL 12GO,309.99,Free Shipping,328.99,12.0,Other,25.83,Entry-level (<$500)
https://c1.neweggimages.com/productimage/nb300/14-932-761-19.jpg,4.3,138.0,GIGABYTE,GIGABYTE Gaming GeForce RTX 5090 32GB GDDR7 PCI Express 5.0 ATX Graphics Card GV-N5090GAMING OC-32GD,GV-N5090GAMING OC-32GD,4899.99,Free Shipping,,32.0,RTX 5000,153.12,High-end (>$1200)
https://c1.neweggimages.com/productimage/nb300/AD2CS2603310UEZ4L2E.jpg,5.0,2.0,XFX,"XFX Quicksilver AMD Radeon RX 9070 XT Gaming Edition with 16GB GDDR6 HDMI 3xDP, AMD RDNA 4 RX-97TQICKBA",RX-97TQICKBA,749.99,Free Shipping,788.49,16.0,RX 9000,46.87,Mid-range ($500-1200)
https://c1.neweggimages.com/productimage/nb300/14-982-011-22.jpg,4.6,393.0,MSI,MSI FRIEREN EDITION GeForce RTX 5070 Ti 16GB GDDR7 PCI Express 5.0 ATX Video Card RTX 5070 Ti 16G FRIEREN EDITION OC,RTX 5070 Ti 16G FRIEREN EDITION OC,1149.99,Free Shipping,1299.99,16.0,RTX 5000,71.87,Mid-range ($500-1200)
https://c1.neweggimages.com/productimage/nb300/14-202-450-01.png,4.5,158.0,Sapphire Tech,SAPPHIRE PULSE Radeon RX 9070 XT 16GB GDDR6 PCI Express 5.0 x16 ATX Graphics Card 11348-03-20G,11348-03-20G,849.99,Free Shipping,,16.0,RX 9000,53.12,Mid-range ($500-1200)
https://c1.neweggimages.com/productimage/nb300/14-202-448-01.png,4.5,158.0,Sapphire Tech,SAPPHIRE NITRO+ Radeon RX 9070 XT 16GB GDDR6 PCI Express 5.0 x16 ATX Graphics Card 11348-01-20G,11348-01-20G,849.99,Free Shipping,949.99,16.0,RX 9000,53.12,Mid-range ($500-1200)
https://c1.neweggimages.com/productimage/nb300/14-930-093-V03.jpg,4.6,75.0,ASRock,ASRock Challenger Radeon RX 7600 8GB GDDR6 PCI Express 4.0 x8 ATX Graphics Card RX7600 CL 8GO,RX7600 CL 8GO,319.99,Free Shipping,329.99,8.0,RX 7000,40.0,Entry-level (<$500)
https://c1.neweggimages.com/productimage/nb300/14-930-084-06.jpg,4.3,355.0,ASRock,ASRock Radeon RX 7900 XTX 24GB GDDR6 PCI Express 4.0 Video Card RX7900XTX 24G - OEM,RADEON RX7900XTX 24G,1029.99,Free Shipping,,24.0,RX 7000,42.92,Mid-range ($500-1200)
https://c1.neweggimages.com/productimage/nb300/14-932-771-02.jpg,4.8,241.0,GIGABYTE,GIGABYTE WindForce GeForce RTX 5070 Ti 16GB GDDR7 PCI Express 5.0 ATX Graphics Card GV-N507TWF3OC-16GD,GV-N507TWF3OC-16GD,1169.99,Free Shipping,,16.0,RTX 5000,73.12,Mid-range ($500-1200)
https://c1.neweggimages.com/productimage/nb300/14-932-751-07.jpg,4.5,237.0,GIGABYTE,GIGABYTE Gaming Radeon RX 9070 XT 16GB GDDR6 PCI Express 5.0 x16 ATX Graphics Card GV-R9070XTGAMING OC-16GD,GV-R9070XTGAMING OC-16GD,810.0,Free Shipping,,16.0,RX 9000,50.62,Mid-range ($500-1200)
https://c1.neweggimages.com/productimage/nb300/14-987-002-01.png,4.5,153.0,ONIX,ONIX LUMI Arc B580 12GB GDDR6 PCI Express 4.0 x8 ATX Graphics Card 8346-00278,8346-00278,309.99,Free Shipping,328.99,12.0,Other,25.83,Entry-level (<$500)
https://c1.neweggimages.com/productimage/nb300/14-137-965-12.jpg,4.6,167.0,MSI,MSI Ventus GeForce RTX 5060 Ti 8GB GDDR7 PCI Express 5.0 x 16 (use x8) ATX Graphics Card RTX 5060 Ti 8G VENTUS 2X OC PLUS,RTX 5060 Ti 8G VENTUS 2X OC PLUS,509.99,Free Shipping,550.79,8.0,RTX 5000,63.75,Mid-range ($500-1200)
https://c1.neweggimages.com/productimage/nb300/14-932-777-02.jpg,4.3,142.0,GIGABYTE,GIGABYTE WindForce GeForce RTX 5070 12GB GDDR7 PCI Express 5.0 ATX Graphics Card GV-N5070WF3OC-12GD,GV-N5070WF3OC-12GD,799.99,Free Shipping,,12.0,RTX 5000,66.67,Mid-range ($500-1200)
https://c1.neweggimages.com/productimage/nb300/14-137-914-09.jpg,4.5,248.0,MSI,MSI SHADOW GeForce RTX 5080 16GB GDDR7 PCI Express 5.0 Graphics Card RTX 5080 16G SHADOW 3X OC,RTX 5080 16G SHADOW 3X OC,1579.99,Free Shipping,,16.0,RTX 5000,98.75,High-end (>$1200)
https://c1.neweggimages.com/productimage/nb300/14-137-919-07.jpg,4.7,136.0,MSI,MSI Gaming GeForce RTX 5090 32GB GDDR7 PCI Express 5.0 Graphics Card RTX 5090 32G GAMING TRIO OC,RTX 5090 32G GAMING TRIO OC,4899.99,,,32.0,RTX 5000,153.12,High-end (>$1200)
https://c1.neweggimages.com/productimage/nb300/14-137-957-06.jpg,4.6,167.0,MSI,MSI Ventus GeForce RTX 5060 Ti 16GB GDDR7 PCI Express 5.0 x 16 (use x8) ATX Graphics Card RTX 5060 Ti 16G VENTUS 3X OC,RTX 5060 Ti 16G VENTUS 3X OC,799.99,Free Shipping,,16.0,RTX 5000,50.0,Mid-range ($500-1200)
https://c1.neweggimages.com/productimage/nb300/14-932-754-05.png,4.6,300.0,GIGABYTE,GIGABYTE WINDFORCE GeForce RTX 5080 16GB GDDR7 PCI Express 5.0 Graphics Card GV-N5080WF3OC-16GD,GV-N5080WF3OC-16GD,1599.99,Free Shipping,,16.0,RTX 5000,100.0,High-end (>$1200)
https://c1.neweggimages.com/productimage/nb300/14-932-776-02.jpg,4.3,142.0,GIGABYTE,GIGABYTE Eagle GeForce RTX 5070 12GB GDDR7 PCI Express 5.0 ATX Graphics Card GV-N5070EAGLE OC-12GD,GV-N5070EAGLE OC-12GD,809.99,Free Shipping,,12.0,RTX 5000,67.5,Mid-range ($500-1200)
https://c1.neweggimages.com/productimage/nb300/14-930-136-05.jpg,4.5,182.0,ASRock,ASRock Steel Legend Radeon RX 9070 XT 16GB GDDR6 PCI Express 5.0 x16 ATX Graphics Card RX9070XT SL 16G,RX9070XT SL 16G,769.99,Free Shipping,,16.0,RX 9000,48.12,Mid-range ($500-1200)
https://c1.neweggimages.com/productimage/nb300/14-932-824-07.jpg,4.8,158.0,GIGABYTE,GIGABYTE Gaming Radeon RX 9060 XT 16GB GDDR6 PCI Express 5.0 x16 ATX Graphics Card GV-R906XGAMINGOCICE-16GD,GV-R906XGAMINGOCICE-16GD,549.99,Free Shipping,,16.0,RX 9000,34.37,Mid-range ($500-1200)
https://c1.neweggimages.com/productimage/nb300/14-932-769-02.jpg,4.8,241.0,GIGABYTE,GIGABYTE Eagle GeForce RTX 5070 Ti 16GB GDDR7 PCI Express 5.0 ATX Graphics Card GV-N507TEAGLEOC ICE-16GD,GV-N507TEAGLEOC ICE-16GD,1189.99,Free Shipping,1227.19,16.0,RTX 5000,74.37,Mid-range ($500-1200)
https://c1.neweggimages.com/productimage/nb300/14-150-910-01.jpg,4.7,27.0,XFX,"XFX Swift AMD Radeon RX 9060 XT OC Gaming Edition with 16GB GDDR6 HDMI 2xDP, AMD RDNA 4",RX-96TSW16BQ,509.99,Free Shipping,,16.0,RX 9000,31.87,Mid-range ($500-1200)
https://c1.neweggimages.com/productimage/nb300/14-126-751-06.png,4.6,97.0,ASUS,ASUS ROG Astral GeForce RTX 5090 32GB GDDR7 OC Edition ROG-ASTRAL-RTX5090-O32G-GAMING DLSS 4.0 PCI Express 5.0 Graphics Card,ROG-ASTRAL-RTX5090-O32G-GAMING,5677.99,Free Shipping,,32.0,RTX 5000,177.44,High-end (>$1200)
https://c1.neweggimages.com/productimage/nb300/14-137-879-01.png,5.0,19.0,MSI,MSI LP GeForce RTX 3050 6GB GDDR6 PCI Express 4.0 x8 ATX Graphics Card RTX 3050 LP 6G OC,RTX 3050 LP 6G OC,219.99,$9.99 Shipping,299.35,6.0,RTX 3000,36.66,Entry-level (<$500)
https://c1.neweggimages.com/productimage/nb300/14-932-806-03.jpg,4.8,158.0,GIGABYTE,GIGABYTE Gaming Radeon RX 9060 XT 16GB GDDR6 PCI Express 5.0 x16 ATX Graphics Card GV-R9060XTGAMING OC-16GD RX 9060XT,GV-R9060XTGAMING OC-16GD,529.99,Free Shipping,,16.0,RX 9000,33.12,Mid-range ($500-1200)
https://c1.neweggimages.com/productimage/nb300/14-137-941-04.jpg,4.7,210.0,MSI,MSI SHADOW GeForce RTX 5070 12GB GDDR7 PCI Express 5.0 ATX Graphics Card RTX 5070 12G SHADOW 3X OC,RTX 5070 12G SHADOW 3X OC,809.99,Free Shipping,,12.0,RTX 5000,67.5,Mid-range ($500-1200)
https://c1.neweggimages.com/productimage/nb300/14-126-756-12.png,4.6,251.0,ASUS,ASUS PRIME GeForce RTX 5070 Ti 16GB 256-Bit GDDR7 PCI Express 5.0 DLSS 4.0 Graphics Card PRIME-RTX5070TI-16G,PRIME-RTX5070TI-16G,1119.99,Free Shipping,1187.49,16.0,RTX 5000,70.0,Mid-range ($500-1200)
https://c1.neweggimages.com/productimage/nb300/14-137-931-05.jpg,4.6,393.0,MSI,MSI Gaming GeForce RTX 5070 Ti 16GB GDDR7 PCI Express 5.0 ATX Graphics Card RTX 5070 Ti 16G GAMING TRIO OC,RTX 5070 TI 16G GAMING TRIO OC,1049.99,Free Shipping,1133.99,16.0,RTX 5000,65.62,Mid-range ($500-1200)
https://c1.neweggimages.com/productimage/nb300/14-932-817-06.png,5.0,9.0,GIGABYTE,GIGABYTE Low Profile GeForce RTX 5050 8GB GDDR6 PCI Express 5.0 x8 Low Profile Graphics Card GV-N5050OC-8GL,GV-N5050OC-8GL,299.99,Free Shipping,317.99,8.0,RTX 5000,37.5,Entry-level (<$500)
https://c1.neweggimages.com/productimage/nb300/14-150-899-01.jpg,4.6,91.0,XFX,XFX Mercury Radeon RX 9070 XT OC 16GB 256-Bit GDDR6 PCI-Express 5.0 RDNA 4 Graphics Card RX-97TRGBBB9,RX-97TRGBBB9,809.99,Free Shipping,,16.0,RX 9000,50.62,Mid-range ($500-1200)
https://c1.neweggimages.com/productimage/nb300/14-137-993-03.jpg,4.6,393.0,MSI,MSI Ventus GeForce RTX 5070 Ti 16GB GDDR7 PCI Express 5.0 Graphics Card RTX 5070 TI 16G VENTUS 3X OC BLACK,RTX 5070 Ti 16G VENTUS 3X OC BLACK,1189.99,Free Shipping,1219.99,16.0,RTX 5000,74.37,Mid-range ($500-1200)
https://c1.neweggimages.com/productimage/nb300/14-930-076-01.jpg,4.1,152.0,ASRock,ASRock Challenger Arc A380 6GB GDDR6 PCI Express 4.0 ITX Video Card A380 CLI 6G OC,A380 CLI 6G OC,139.99,$6.99 Shipping,148.49,6.0,Other,23.33,Entry-level (<$500)
https://c1.neweggimages.com/productimage/nb300/14-930-134-03.png,4.5,26.0,ASRock,ASRock Challenger Arc B570 10GB GDDR6 PCI Express 4.0 x8 ATX Graphics Card B570 CL 10GO,B570 CL 10GO,259.99,Free Shipping,275.99,10.0,Other,26.0,Entry-level (<$500)
https://c1.neweggimages.com/productimage/nb300/14-500-648-01.jpg,5.0,4.0,ZOTAC,ZOTAC GeForce RTX 5080 16GB GDDR7 PCI Express 5.0 x16 ATX Video Card GAMING GeForce RTX 5080 SOLID CORE OC,ZT-B50800J2-10A,1599.99,Free Shipping,,16.0,RTX 5000,100.0,High-end (>$1200)
https://c1.neweggimages.com/productimage/nb300/14-137-977-06.jpg,4.6,167.0,MSI,MSI SHADOW GeForce RTX 5060 Ti 16GB GDDR7 PCI Express 5.0 Graphics Card RTX 5060 Ti 16G SHADOW 2X OC PLUS,RTX 5060 Ti 16G SHADOW 2X OC PLUS,779.99,Free Shipping,842.39,16.0,RTX 5000,48.75,Mid-range ($500-1200)
https://c1.neweggimages.com/productimage/nb300/14-126-743-11.png,4.7,173.0,ASUS,ASUS TUF Gaming GeForce RTX 5080 16GB GDDR7 OC Edition TUF-RTX5080-O16G-GAMING PCI-Express 5.0 DLSS 4.0 Graphics Card,TUF-RTX5080-O16G-GAMING,1899.99,Free Shipping,,16.0,RTX 5000,118.75,High-end (>$1200)
https://c1.neweggimages.com/productimage/nb300/14-137-878-01.png,4.3,35.0,MSI,MSI Ventus GeForce RTX 3050 6GB GDDR6 PCI Express 4.0 x8 ATX Graphics Card RTX 3050 VENTUS 2X 6G OC,RTX 3050 VENTUS 2X 6G OC,259.99,Free Shipping,,6.0,RTX 3000,43.33,Entry-level (<$500)
https://c1.neweggimages.com/productimage/nb300/14-137-810-02.png,4.8,26.0,MSI,MSI Ventus GeForce RTX 3050 8GB GDDR6 PCI Express 4.0 x8 ATX Graphics Card RTX 3050 VENTUS 2X XS 8G OC,RTX 3050 Ventus 2X XS 8G OC,259.99,Free Shipping,275.99,8.0,RTX 3000,32.5,Entry-level (<$500)
https://c1.neweggimages.com/productimage/nb300/14-932-810-02.jpg,4.3,138.0,GIGABYTE,GIGABYTE AORUS GeForce RTX 5090 32GB GDDR7 PCI Express 5.0 x16 ATX Graphics Card GV-N5090AORUSST ICE-32GD,GV-N5090AORUSST ICE-32GD,4999.99,Free Shipping,5029.99,32.0,RTX 5000,156.25,High-end (>$1200)
https://c1.neweggimages.com/productimage/nb300/14-932-765-02.jpg,4.3,138.0,GIGABYTE,GIGABYTE AORUS GeForce RTX 5090 32GB GDDR7 PCI Express 5.0 ATX Graphics Card GV-N5090AORUSM ICE-32GD,GV-N5090AORUSM ICE-32GD,4929.99,Free Shipping,,32.0,RTX 5000,154.06,High-end (>$1200)
https://c1.neweggimages.com/productimage/nb300/14-137-933-07.jpg,4.6,393.0,MSI,MSI Ventus GeForce RTX 5070 Ti 16GB GDDR7 PCI Express 5.0 ATX Graphics Card RTX 5070 TI 16G VENTUS 3X OC,RTX 5070 TI 16G VENTUS 3X OC,1179.99,Free Shipping,,16.0,RTX 5000,73.75,Mid-range ($500-1200)
https://c1.neweggimages.com/productimage/nb300/14-932-826-05.jpg,4.5,115.0,GIGABYTE,GIGABYTE AORUS GeForce RTX 5060 Ti 16GB GDDR7 Graphics AORUS RTX 5060 TI AI BOX,GV-N506TIXEB-16GD,899.99,Free Shipping,935.99,16.0,RTX 5000,56.25,Mid-range ($500-1200)
https://c1.neweggimages.com/productimage/nb300/14-932-804-13.jpg,4.4,48.0,GIGABYTE,GIGABYTE WINDFORCE GeForce RTX 5060 8GB GDDR7 PCI Express 5.0 ATX Graphics Card GV-N5060WF2OC-8GD,GV-N5060WF2OC-8GD,459.99,Free Shipping,,8.0,RTX 5000,57.5,Entry-level (<$500)
https://c1.neweggimages.com/productimage/nb300/1FT-000Y-00BZ1-01.png,4.6,251.0,ASUS,ASUS TUF Gaming white GeForce RTX 5070 Ti OC Edition 16GB GDDR7 TUF-RTX5070TI-O16G-WHITE-GAMING PCI-Express 5.0 DLSS 4.0 Graphics Card,TUF-RTX5070TI-O16G-WHITE-GAMING,1799.0,Free Shipping,,16.0,RTX 5000,112.44,High-end (>$1200)
https://c1.neweggimages.com/productimage/nb300/14-126-761-01.png,4.5,175.0,ASUS,ASUS PRIME GeForce RTX 5070 12GB 192-Bit GDDR7 PCI Express 5.0 Graphics Card PRIME-RTX5070-12G,PRIME-RTX5070-12G,819.99,Free Shipping,,12.0,RTX 5000,68.33,Mid-range ($500-1200)
https://c1.neweggimages.com/productimage/nb300/14-137-938-04.jpg,4.7,210.0,MSI,MSI Gaming GeForce RTX 5070 12GB GDDR7 PCI Express 5.0 ATX Graphics Card RTX 5070 12G GAMING TRIO OC,RTX 5070 12G GAMING TRIO OC,849.99,Free Shipping,917.99,12.0,RTX 5000,70.83,Mid-range ($500-1200)
https://c1.neweggimages.com/productimage/nb300/14-932-755-05.png,4.6,300.0,GIGABYTE,GIGABYTE AORUS GeForce RTX 5080 16GB GDDR7 PCI Express 5.0 Graphics Card GV-N5080AORUS M-16GD,GV-N5080AORUS M-16GD,1799.99,Free Shipping,,16.0,RTX 5000,112.5,High-end (>$1200)
https://c1.neweggimages.com/productimage/nb300/14-137-978-01.jpg,4.6,167.0,MSI,MSI SHADOW GeForce RTX 5060 Ti 8GB GDDR7 PCI Express 5.0 Graphics Card RTX 5060 Ti 8G SHADOW 2X OC PLUS,RTX 5060 Ti 8G SHADOW 2X OC PLUS,499.99,Free Shipping,519.88,8.0,RTX 5000,62.5,Entry-level (<$500)
https://promotions.newegg.com/nepro/doorbuster/082526_14-131-883.jpg,5.0,3.0,PowerColor,PowerColor Hellhound Radeon RX 9070 XT 16GB GDDR6 PCI Express 5.0 x16 Graphics Card Hellhound Spectral White AMD Radeon RX 9070 XT 16GB GDDR6,RX9070XT 16G-L/OC/WHITE,849.99,Free Shipping,,16.0,RX 9000,53.12,Mid-range ($500-1200)
https://c1.neweggimages.com/productimage/nb300/14-932-756-05.png,4.6,300.0,GIGABYTE,GIGABYTE AERO GeForce RTX 5080 16GB GDDR7 PCI Express 5.0 Graphics Card GV-N5080AERO OC-16GD,GV-N5080AERO OC-16GD,1749.99,Free Shipping,,16.0,RTX 5000,109.37,High-end (>$1200)
https://c1.neweggimages.com/productimage/nb300/14-500-638-01.jpg,5.0,5.0,ZOTAC,ZOTAC Twin Edge OC GeForce RTX 5060 Ti 8GB GDDR7 PCI Express 5.0 x 8 ATX Graphics Card ZOTAC GAMING GeForce RTX 5060 Ti 8GB Twin Edge OC,ZT-B50610H-10A,529.99,Free Shipping,,8.0,RTX 5000,66.25,Mid-range ($500-1200)
https://c1.neweggimages.com/productimage/nb300/14-126-817-01.png,4.9,7.0,ASUS,ASUS Dual Radeon RX 9060 XT 16GB GDDR6 PCI Express 5.0 x16 ATX Graphics Card DUAL-RX9060XT-16G,DUAL-RX9060XT-16G,479.0,Free Shipping,507.99,16.0,RX 9000,29.94,Entry-level (<$500)
https://c1.neweggimages.com/productimage/nb300/14-150-888-22.png,4.4,16.0,XFX,XFX Speedster QICK309 Radeon RX 7600 XT 16GB Video Card RX-76TQICKBP,RX-76TQICKBP,1245.0,Free Shipping,,16.0,RX 7000,77.81,High-end (>$1200)
https://c1.neweggimages.com/productimage/nb300/14-137-976-03.jpg,4.9,22.0,MSI,MSI SHADOW GeForce RTX 5060 8GB GDDR7 PCI Express 5.0 x 16 (use x8) Graphics Card RTX 5060 8G SHADOW 2X OC,RTX 5060 8G SHADOW 2X OC,469.99,Free Shipping,,8.0,RTX 5000,58.75,Entry-level (<$500)
https://c1.neweggimages.com/productimage/nb300/14-932-767-02.jpg,4.8,241.0,GIGABYTE,GIGABYTE AERO GeForce RTX 5070 Ti 16GB GDDR7 PCI Express 5.0 ATX Graphics Card GV-N507TAERO OC-16GD,GV-N507TAERO OC-16GD,1259.99,Free Shipping,,16.0,RTX 5000,78.75,High-end (>$1200)
https://c1.neweggimages.com/productimage/nb300/14-982-013-06.webp,,,MSI,MSI Ventus GeForce RTX 3060 12GB GDDR6 PCI Express 4.0 Graphics Card RTX 3060 Ventus 2X 12G OC,RTX 3060 Ventus 2X 12G OCV1,479.99,Free Shipping,,12.0,RTX 3000,40.0,Entry-level (<$500)
https://c1.neweggimages.com/productimage/nb300/14-137-990-04.jpg,4.6,393.0,MSI,MSI MLG Edition GeForce RTX 5070 Ti 16GB GDDR7 PCI Express 5.0 Graphics Card RTX 5070 Ti 16G MLG EDITION OC,RTX 5070 Ti 16G MLG EDITION OC,1445.0,Free Shipping,,16.0,RTX 5000,90.31,High-end (>$1200)
https://c1.neweggimages.com/productimage/nb300/14-126-756-12.png,4.6,251.0,ASUS,ASUS PRIME GeForce RTX 5070 Ti 16GB GDDR7 OC Edition PCI Express 5.0 DLSS 4.0 Graphics Card PRIME-RTX5070TI-O16G,PRIME-RTX5070TI-O16G,1199.99,Free Shipping,,16.0,RTX 5000,75.0,Mid-range ($500-1200)
https://c1.neweggimages.com/productimage/nb300/14-932-749-02.jpg,4.8,13.0,GIGABYTE,GIGABYTE WINDFORCE GeForce RTX 3050 6GB GDDR6 PCI Express 4.0 x8 ATX Graphics Card GV-N3050WF2OCV2-6GD,GV-N3050WF2OCV2-6GD,295.62,,,6.0,RTX 3000,49.27,Entry-level (<$500)
https://c1.neweggimages.com/productimage/nb300/14-930-147-05.jpg,4.4,7.0,ASRock,ASRock Taichi Radeon RX 9070 XT 16GB GDDR6 PCI Express 5.0 x16 Graphics Card,RX9070XT TCW 16GO,839.99,Free Shipping,890.49,16.0,RX 9000,52.5,Mid-range ($500-1200)
https://c1.neweggimages.com/productimage/nb300/14-930-112-05.jpg,4.2,24.0,ASRock,ASRock Challenger Arc A580 8GB GDDR6 PCI Express 4.0 x16 ATX Graphics Card A580 CL 8GO,A580 CL 8GO,199.99,Free Shipping,,8.0,Other,25.0,Entry-level (<$500)
https://c1.neweggimages.com/productimage/nb300/14-137-935-17.jpg,4.6,393.0,MSI,MSI SHADOW GeForce RTX 5070 Ti 16GB GDDR7 PCI Express 5.0 ATX Graphics Card RTX 5070 TI 16G SHADOW 3X OC,RTX 5070 TI 16G SHADOW 3X OC,1169.99,Free Shipping,,16.0,RTX 5000,73.12,Mid-range ($500-1200)
https://c1.neweggimages.com/productimage/nb300/14-930-146-07.jpg,4.9,13.0,ASRock,ASRock Monster Hunter Wilds Radeon RX 9070 XT 16GB GDDR6 PCI Express 5.0 x16 Graphics Card RX9070XT MH 16G,RX9070XT MH 16G,769.99,Free Shipping,816.49,16.0,RX 9000,48.12,Mid-range ($500-1200)
https://c1.neweggimages.com/productimage/nb300/14-126-776-02.png,4.7,173.0,ASUS,ASUS PRIME GeForce RTX 5080 16GB 256-Bit GDDR7 PCI-Express 5.0 DLSS 4.0 Graphics Card PRIME-RTX5080-16G,PRIME-RTX5080-16G,1681.68,Free Shipping,,16.0,RTX 5000,105.1,High-end (>$1200)
https://c1.neweggimages.com/productimage/nb300/14-932-658-08.jpg,4.7,41.0,GIGABYTE,GIGABYTE WINDFORCE OC GeForce RTX 3060 12GB GDDR6 PCI Express 4.0 x16 ATX Graphics Card GV-N3060WF2OC-12GD REV2.0,GV-N3060WF2OC-12GD REV2.0,459.99,Free Shipping,487.99,12.0,RTX 3000,38.33,Entry-level (<$500)
https://c1.neweggimages.com/productimage/nb300/14-126-791-01.png,4.8,61.0,ASUS,ASUS PRIME GeForce RTX 5060 Ti 16GB 128-Bit GDDR7 PCI Express 5.0 x8 DLSS 4.0 Graphics Card PRIME-RTX5060TI-16G,PRIME-RTX5060TI-16G,899.55,,,16.0,RTX 5000,56.22,Mid-range ($500-1200)
https://c1.neweggimages.com/productimage/nb300/14-137-944-11.jpg,4.7,210.0,MSI,MSI SHADOW GeForce RTX 5070 12GB GDDR7 PCI Express 5.0 ATX Graphics Card RTX 5070 12G SHADOW 2X OC,RTX 5070 12G SHADOW 2X OC,1200.0,Free Shipping,,12.0,RTX 5000,100.0,Mid-range ($500-1200)
https://c1.neweggimages.com/productimage/nb300/14-932-751-01.jpg,4.5,237.0,GIGABYTE,GIGABYTE Gaming Radeon RX 9070 XT 16GB GDDR6 PCI Express 5.0 x16 Graphics Card GV-R9070XTGAMING-16GD,GV-R9070XTGAMING-16GD,999.99,Free Shipping,,16.0,RX 9000,62.5,Mid-range ($500-1200)
https://c1.neweggimages.com/productimage/nb300/14-982-006-03.jpg,4.6,393.0,MSI,MSI Ventus GeForce RTX 5070 Ti 16GB GDDR7 PCI Express 5.0 Graphics Card RTX 5070 Ti 16G VENTUS 3X PZ OC BLACK,RTX 5070 Ti 16G VENTUS 3X PZ OC BLACK,1199.99,Free Shipping,,16.0,RTX 5000,75.0,Mid-range ($500-1200)
https://c1.neweggimages.com/productimage/nb300/14-126-524-01.jpg,4.7,261.0,ASUS,ASUS Dual GeForce RTX 3060 12GB GDDR6 PCI Express 4.0 Graphics Card DUAL-RTX3060-O12G-V2,DUAL-RTX3060-O12G-V2,474.0,Free Shipping,,12.0,RTX 3000,39.5,Entry-level (<$500)
https://c1.neweggimages.com/productimage/nb300/14-126-814-02.png,4.6,97.0,ASUS,ASUS ROG Astral GeForce RTX 5090 32GB GDDR7 PCI Express 5.0 Graphics Card ROG-ASTRAL-RTX5090-O32G-WHITE,ROG-ASTRAL-RTX5090-O32G-WHITE,6999.0,Free Shipping,,32.0,RTX 5000,218.72,High-end (>$1200)
https://c1.neweggimages.com/productimage/nb300/14-150-909-01.jpg,4.9,10.0,XFX,"XFX SWIFT AMD Radeon RX 9060 XT OC White Triple Fan Gaming Edition with 16GB GDDR6 HDMI 2xDP, AMD RDNA 4 RX 9060XT 16GB",RX-96TS316W7,549.99,Free Shipping,,16.0,RX 9000,34.37,Mid-range ($500-1200)
https://c1.neweggimages.com/productimage/nb300/14-932-793-01.jpg,4.5,115.0,GIGABYTE,GIGABYTE Gaming GeForce RTX 5060 Ti 8GB GDDR7 PCI Express 5.0 x8 ATX Graphics Card GV-N506TGAMING OC-8GD,GV-N506TGAMING OC-8GD,529.99,Free Shipping,551.19,8.0,RTX 5000,66.25,Mid-range ($500-1200)
https://c1.neweggimages.com/productimage/nb300/14-126-798-01.png,4.8,61.0,ASUS,ASUS Dual GeForce RTX 5060 Ti 16GB 128-Bit GDDR7 PCI Express 5.0 x8 DLSS 4.0 Graphics Card DUAL-RTX5060TI-O16G,DUAL-RTX5060TI-O16G,799.99,Free Shipping,863.99,16.0,RTX 5000,50.0,Mid-range ($500-1200)
https://c1.neweggimages.com/productimage/nb300/14-126-744-02.png,4.7,173.0,ASUS,ASUS PRIME GeForce RTX 5080 16GB GDDR7 OC Edition PRIME-RTX5080-O16G PCI-Express 5.0 DLSS 4.0 Graphics Card,PRIME-RTX5080-O16G,1699.99,Free Shipping,,16.0,RTX 5000,106.25,High-end (>$1200)
https://c1.neweggimages.com/productimage/nb300/14-932-775-02.jpg,4.3,142.0,GIGABYTE,GIGABYTE Eagle GeForce RTX 5070 12GB GDDR7 PCI Express 5.0 ATX Graphics Card GV-N5070EAGLEOC ICE-12GD,GV-N5070EAGLEOC ICE-12GD,809.99,Free Shipping,842.39,12.0,RTX 5000,67.5,Mid-range ($500-1200)
https://c1.neweggimages.com/productimage/nb300/14-932-796-01.jpg,4.5,115.0,GIGABYTE,GIGABYTE WindForce GeForce RTX 5060 Ti 8GB GDDR7 PCI Express 5.0 x8 ATX Graphics Card GV-N506TWF2OC-8GD,GV-N506TWF2OC-8GD,509.99,Free Shipping,530.39,8.0,RTX 5000,63.75,Mid-range ($500-1200)
https://c1.neweggimages.com/productimage/nb300/14-131-871-01.png,4.6,43.0,PowerColor,PowerColor Reaper Radeon RX 9070 XT 16GB GDDR6 PCI Express 5.0 x16 RDNA 4 ATX Graphics Card RX9070XT 16G-A,RX9070XT 16G-A,799.99,Free Shipping,,16.0,RX 9000,50.0,Mid-range ($500-1200)
https://c1.neweggimages.com/productimage/nb300/14-133-900-03.png,5.0,4.0,PNY,"PNY GeForce RTX 5070 Ti OC PCI Express 5.0, 16GB GDDR7, DLSS 4.0 Graphics Card VCG5070T16TFXPB1-O",VCG5070T16TFXPB1-O,1396.34,,,16.0,RTX 5000,87.27,High-end (>$1200)
https://c1.neweggimages.com/productimage/nb300/14-932-792-01.jpg,4.5,115.0,GIGABYTE,GIGABYTE AERO GeForce RTX 5060 Ti 8GB GDDR7 PCI Express 5.0 x8 ATX Graphics Card GV-N506TAERO OC-8GD,GV-N506TAERO OC-8GD,539.99,Free Shipping,561.59,8.0,RTX 5000,67.5,Mid-range ($500-1200)
https://c1.neweggimages.com/productimage/nb300/14-137-910-08.jpg,4.5,248.0,MSI,MSI Gaming GeForce RTX 5080 16GB GDDR7 PCI Express 5.0 Graphics Card RTX 5080 16G GAMING TRIO OC,RTX 5080 16G GAMING TRIO OC,1799.99,Free Shipping,,16.0,RTX 5000,112.5,High-end (>$1200)
https://c1.neweggimages.com/productimage/nb300/14-131-880-01.png,4.4,38.0,PowerColor,PowerColor Reaper Radeon RX 9060 XT 16GB GDDR6 PCI Express 5.0 x16 ATX Video Card RX9060XT 16G-A,RX9060XT 16G-A,469.99,Free Shipping,,16.0,RX 9000,29.37,Entry-level (<$500)
https://c1.neweggimages.com/productimage/nb300/14-137-995-01.png,4.6,393.0,MSI,MSI Ventus GeForce RTX 5070 Ti 16GB GDDR7 PCI Express 5.0 Graphics Card RTX 5070 Ti 16G VENTUS 3X PZ OC,RTX 5070 Ti 16G VENTUS 3X PZ OC,1698.0,Free Shipping,,16.0,RTX 5000,106.12,High-end (>$1200)
https://c1.neweggimages.com/productimage/nb300/14-126-753-01.jpg,4.6,97.0,ASUS,ASUS TUF Gaming GeForce RTX 5090 32GB GDDR7 OC Edition TUF-RTX5090-O32G-GAMING PCI-Express 5.0 DLSS 4.0 Graphics Card,TUF-RTX5090-O32G-GAMING,5426.0,Free Shipping,,32.0,RTX 5000,169.56,High-end (>$1200)
https://c1.neweggimages.com/productimage/nb300/14-932-752-05.jpg,4.5,237.0,GIGABYTE,GIGABYTE Gaming Radeon RX 9070 16GB GDDR6 PCI Express 5.0 x16 ATX Graphics Card GV-R9070GAMING OC-16GD,GV-R9070GAMING OC-16GD,669.99,Free Shipping,,16.0,RX 9000,41.87,Mid-range ($500-1200)
https://c1.neweggimages.com/productimage/nb300/14-137-992-01.jpg,4.6,167.0,MSI,MSI Ventus GeForce RTX 5060 Ti 16GB GDDR7 PCI Express 5.0 x16 (use x8) Graphics Card (RTX 5060 Ti 16G VENTUS 2X OC BLACK PLUS),RTX 5060 Ti 16G VENTUS 2X OC BLACK PLUS,789.99,Free Shipping,,16.0,RTX 5000,49.37,Mid-range ($500-1200)
https://c1.neweggimages.com/productimage/nb300/14-982-009-01.jpg,4.5,248.0,MSI,MSI GeForce RTX 5080 16GB GDDR7 PCI Express 5.0 ATX Video Card RTX 5080 16G VENTUS 3X OC BLACK,RTX 5080 16G VENTUS 3X OC BLACK,1649.99,Free Shipping,,16.0,RTX 5000,103.12,High-end (>$1200)
https://c1.neweggimages.com/productimage/nb300/14-932-823-18.jpg,4.5,237.0,GIGABYTE,GIGABYTE Gaming Radeon RX 9070 XT 16GB GDDR6 PCI Express 5.0 x16 Graphics Card GV-R907XGAMINGOCICE-16GD,GV-R907XGAMINGOCICE-16GD,859.16,Free Shipping,,16.0,RX 9000,53.7,Mid-range ($500-1200)
https://c1.neweggimages.com/productimage/nb300/B7UMS2506020W9WB4D7.jpg,5.0,6.0,XFX,"XFX Mercury AMD Radeon RX 9070 XT OC Magnetic Air Edition with RGB 16GB GDDR6 HDMI 3xDP, AMD RDNA 4 RX-97TMARGB9",RX-97TMARGB9,829.99,Free Shipping,,16.0,RX 9000,51.87,Mid-range ($500-1200)
https://c1.neweggimages.com/productimage/nb300/AZUES250509085KG933.jpg,4.7,3.0,Yeston,"Yeston Sakura Radeon RX 9070 XT 16GB GDDR6 RDNA 4 4nm Triple Fan ARGB Desktop Graphics Card, Dual BIOS, PCIe 5.0, 3×DP+1×HDMI",RX9070XT-16GD6-OC-SA,779.0,Free Shipping,1029.0,16.0,RX 9000,48.69,Mid-range ($500-1200)
https://c1.neweggimages.com/productimage/nb300/14-930-078-17.jpg,4.1,27.0,ASRock,ASRock Challenger Arc A750 Graphics Card A750 CL SE 8GO,A750 CL SE 8GO,209.99,Free Shipping,,,Other,,Entry-level (<$500)
https://c1.neweggimages.com/productimage/nb300/14-202-480-01.jpg,5.0,2.0,Sapphire Tech,REFURBISHED SAPPHIRE NITRO+ Radeon RX 7900 XTX 24GB GDDR6 PCI Express 4.0 x16 ATX Graphics Card 11322-99-90G,11322-99-90G,899.99,Free Shipping,,24.0,RX 7000,37.5,Mid-range ($500-1200)
https://c1.neweggimages.com/productimage/nb300/14-932-812-06.png,4.5,115.0,GIGABYTE,GIGABYTE Eagle GeForce RTX 5060 Ti 8GB GDDR7 PCI Express 5.0 ATX Graphics Card GV-N506TEAGLEMAX OC-8GD,GV-N506TEAGLEMAX OC-8GD,529.99,Free Shipping,,8.0,RTX 5000,66.25,Mid-range ($500-1200)
https://c1.neweggimages.com/productimage/nb300/14-126-807-10.png,4.6,51.0,ASUS,ASUS Dual GeForce RTX 5060 8GB GDDR7 PCI Express 5.0 x8 ATX Graphics Card DUAL-RTX5060-O8G,DUAL-RTX5060-O8G,469.99,Free Shipping,498.19,8.0,RTX 5000,58.75,Entry-level (<$500)
https://c1.neweggimages.com/productimage/nb300/14-932-770-02.jpg,4.8,241.0,GIGABYTE,GIGABYTE Eagle GeForce RTX 5070 Ti 16GB GDDR7 PCI Express 5.0 ATX Graphics Card GV-N507TEAGLE OC-16GD,GV-N507TEAGLE OC-16GD,1179.99,Free Shipping,1227.19,16.0,RTX 5000,73.75,Mid-range ($500-1200)
https://c1.neweggimages.com/productimage/nb300/14-126-843-01.png,,,ASUS,"ASUS ROG Astral GeForce RTX 5090 Edition 20 (PCIe 5.0, 32GB GDDR7, HDMI/ DisplayPort 2.1, 4-fan, curved-screen AMOLED display, liquid metal GPU cooling, dual power input up to 800W)",ROG-ASTRAL-RTX5090-P32G-EDITION20,5999.99,Free Shipping,,32.0,RTX 5000,187.5,High-end (>$1200)
https://c1.neweggimages.com/productimage/nb300/14-137-930-03.jpg,4.5,248.0,MSI,MSI Ventus GeForce RTX 5080 16GB GDDR7 PCI Express 5.0 Graphics Card RTX 5080 16G VENTUS 3X OC,RTX 5080 16G VENTUS 3X OC,1799.0,Free Shipping,,16.0,RTX 5000,112.44,High-end (>$1200)
https://c1.neweggimages.com/productimage/nb300/14-930-135-02.jpg,4.5,79.0,ASRock,ASRock Taichi Radeon RX 9070 XT 16GB GDDR6 PCI Express 5.0 x16 ATX Graphics Card RX9070XT TC 16GO,RX9070XT TC 16GO,789.99,Free Shipping,837.49,16.0,RX 9000,49.37,Mid-range ($500-1200)
https://c1.neweggimages.com/productimage/nb300/14-137-975-03.jpg,4.9,22.0,MSI,MSI Ventus GeForce RTX 5060 8GB GDDR7 PCI Express 5.0 x 16 (use x8) Graphics Card RTX 5060 8G VENTUS 2X OC,RTX 5060 8G VENTUS 2X OC,459.99,Free Shipping,,8.0,RTX 5000,57.5,Entry-level (<$500)
https://c1.neweggimages.com/productimage/nb300/14-137-940-02.jpg,4.7,210.0,MSI,MSI Ventus GeForce RTX 5070 12GB GDDR7 PCI Express 5.0 ATX Graphics Card RTX 5070 12G VENTUS 3X OC,RTX 5070 12G VENTUS 3X OC,839.99,Free Shipping,,12.0,RTX 5000,70.0,Mid-range ($500-1200)
https://c1.neweggimages.com/productimage/nb300/14-137-980-01.jpg,4.7,16.0,MSI,MSI Gaming GeForce RTX 5050 8GB GDDR6 PCI Express 5.0 Graphics Card RTX 5050 8G GAMING OC,RTX 5050 8G GAMING OC,324.99,Free Shipping,350.99,8.0,RTX 5000,40.62,Entry-level (<$500)
https://c1.neweggimages.com/productimage/nb300/14-932-821-01.jpg,4.3,138.0,GIGABYTE,GIGABYTE AORUS GeForce RTX 5090 32GB GDDR7 PCI Express 5.0 x16 Graphics Card AORUS RTX 5090 AI BOX GV-N5090IXEB-32GD,GV-N5090IXEB-32GD,4899.99,Free Shipping,,32.0,RTX 5000,153.12,High-end (>$1200)
https://c1.neweggimages.com/productimage/nb300/14-150-916-04.jpg,,,XFX,XFX Mercury Radeon RX 9060 XT 16GB GDDR6 PCI Express 5.0 x16 ATX Graphics Card RX-96TMERCBA,RX-96TMERCBA,499.99,Free Shipping,529.99,16.0,RX 9000,31.25,Entry-level (<$500)
https://c1.neweggimages.com/productimage/nb300/14-137-958-01.jpg,4.6,167.0,MSI,MSI Ventus GeForce RTX 5060 Ti 16GB GDDR7 PCI Express 5.0 x 16 (use x8) ATX Graphics Card RTX 5060 Ti 16G VENTUS 2X OC PLUS,RTX 5060 Ti 16G VENTUS 2X OC PLUS,996.0,Free Shipping,,16.0,RTX 5000,62.25,Mid-range ($500-1200)
https://c1.neweggimages.com/productimage/nb300/14-932-828-12.jpg,5.0,1.0,GIGABYTE,"GIGABYTE GeForce RTX 5060 GAMING OC V2 8G Graphics Card, 8GB 128-bit GDDR7, PCIe 5.0 x8, WINDFORCE cooling system, GV-N5060GAMING OCV2-8GD Video Card",GV-N5060GAMING OCV2-8GD,459.99,Free Shipping,,8.0,RTX 5000,57.5,Entry-level (<$500)
https://c1.neweggimages.com/productimage/nb300/14-137-964-01.png,4.6,167.0,MSI,MSI Ventus GeForce RTX 5060 Ti 8GB GDDR7 PCI Express® Gen 5 x16 (uses x8) ATX Graphics Card RTX 5060 Ti 8G VENTUS 2X OC WHITE PLUS,RTX 5060 Ti 8G VENTUS 2X OC WHITE PLUS,509.99,Free Shipping,,8.0,RTX 5000,63.75,Mid-range ($500-1200)
https://c1.neweggimages.com/productimage/nb300/14-932-757-04.png,4.6,300.0,GIGABYTE,GIGABYTE AORUS GeForce RTX 5080 16GB GDDR7 PCI Express 5.0 ATX Graphics Card GV-N5080AORUSM ICE-16G,GV-N5080AORUSM ICE-16GD,2297.0,Free Shipping,,16.0,RTX 5000,143.56,High-end (>$1200)
https://c1.neweggimages.com/productimage/nb300/14-126-746-02.png,4.6,78.0,ASUS,ASUS PRIME Radeon RX 9070 XT 16GB 256-Bit GDDR6 PCI Express 5.0 RDNA 4 Graphics Card PRIME-RX9070XT-O16G,PRIME-RX9070XT-O16G,799.99,Free Shipping,855.23,16.0,RX 9000,50.0,Mid-range ($500-1200)
https://c1.neweggimages.com/productimage/nb300/14-932-683-11.jpg,4.5,141.0,GIGABYTE,"GIGABYTE GeForce RTX 4070 SUPER WINDFORCE OC 12G Graphics Card, 3x WINDFORCE Fans, 12GB 192-bit GDDR6X, GV-N407SWF3OC-12GD  Video Card",GV-N407SWF3OC-12GD,812.0,Free Shipping,851.0,12.0,RTX 4000,67.67,Mid-range ($500-1200)
https://c1.neweggimages.com/productimage/nb300/14-932-773-02.jpg,4.3,142.0,GIGABYTE,GIGABYTE AERO GeForce RTX 5070 12GB GDDR7 PCI Express 5.0 ATX Graphics Card GV-N5070AERO OC-12GD,GV-N5070AERO OC-12GD,849.99,Free Shipping,,12.0,RTX 5000,70.83,Mid-range ($500-1200)
https://c1.neweggimages.com/productimage/nb300/14-932-772-02.jpg,4.3,142.0,GIGABYTE,GIGABYTE AORUS GeForce RTX 5070 12GB GDDR7 PCI Express 5.0 ATX Graphics Card GV-N5070AORUS M-12GD,GV-N5070AORUS M-12GD,899.99,Free Shipping,,12.0,RTX 5000,75.0,Mid-range ($500-1200)
https://c1.neweggimages.com/productimage/nb300/BF3CS2605070GK2SK15.jpg,5.0,1.0,Peladn,Peladn Gaming RTX 4070 12G Graphics Card GDDR6 RGB Lighting PCI Express 4.0 Video Card Triple-fan Edition,6972410028919,529.0,Free Shipping,899.0,,RTX 4000,,Mid-range ($500-1200)
https://c1.neweggimages.com/productimage/nb300/14-150-922-09.jpg,5.0,1.0,XFX,XFX Swift Radeon RX 9070 GRE 12GB GDDR6 PCI Express 5.0 ATX Graphics Card RX-97GRE29W7 9070 GRE,RX-97GRE29W7,569.99,Free Shipping,,12.0,RX 9000,47.5,Mid-range ($500-1200)
https://c1.neweggimages.com/productimage/nb300/14-202-481-01.jpg,,,Sapphire Tech,REFURBISHED SAPPHIRE PULSE Radeon RX 7900 XTX 24GB GDDR6 PCI Express 4.0 x16 ATX Graphics Card 11322-98-90G,11322-98-90G,849.99,Free Shipping,,24.0,RX 7000,35.42,Mid-range ($500-1200)
https://c1.neweggimages.com/productimage/nb300/14-126-804-02.png,5.0,8.0,ASUS,ASUS PRIME Radeon RX 9060 XT 16GB GDDR6 PCI Express 5.0 x16 ATX Graphics Card PRIME-RX9060XT-O16G RX 9060XT 16GB,PRIME-RX9060XT-O16G,799.99,,,16.0,RX 9000,50.0,Mid-range ($500-1200)
https://c1.neweggimages.com/productimage/nb300/AZUES2509040YHKT86F.jpg,4.3,58.0,Yeston,Yeston Radeon RX 6800 XT 16GB D6 GDDR6 256bit 7nm Desktop computer PC Video Graphics Cards support PCI-Express 4.0 video cards 3*DP RGB light effect Fragrant graphics card(No HDMI interface),RX6800XT-16G D6 YB,479.0,Free Shipping,,16.0,RX 6000,29.94,Entry-level (<$500)
https://promotions.newegg.com/nepro/doorbuster/082526_14-500-623.jpg,,,ZOTAC,"ZOTAC GAMING GeForce RTX 5060 Twin Edge OC DLSS 4 8GB GDDR7 128-bit 28 Gbps PCIE 5.0 Gaming Graphics Card, SFF-ready compact card, ZT-B50600H-10M",ZT-B50600H-10M,469.99,Free Shipping,499.99,8.0,RTX 5000,58.75,Entry-level (<$500)
https://c1.neweggimages.com/productimage/nb300/14-131-869-02.png,4.8,39.0,PowerColor,PowerColor RED DEVIL Radeon RX 9070 XT 16GB 256-Bit GDDR6 PCI Express 5.0 Graphics Card RX9070XT 16G-E/OC,RX9070XT 16G-E/OC,1260.03,Free Shipping,,16.0,RX 9000,78.75,High-end (>$1200)
https://c1.neweggimages.com/productimage/nb300/14-126-831-02.png,4.6,78.0,ASUS,ASUS PRIME Radeon RX 9070 XT 16GB GDDR6 PCI Express 5.0 x16 ATX Graphics Card PRIME-RX9070XT-O16G-WHITE,PRIME-RX9070XT-O16G-WHITE,819.99,Free Shipping,859.99,16.0,RX 9000,51.25,Mid-range ($500-1200)
https://c1.neweggimages.com/productimage/nb300/14-125-899-06.jpg,3.8,21.0,GIGABYTE,GIGABYTE GeForce GT 710 2GB DDR3 PCI Express 2.0 Low Profile Graphics Card GV-N710D3-2GL REV2.0,GV-N710D3-2GL REV2.0,62.0,Free Shipping,,2.0,Other,31.0,Entry-level (<$500)
https://c1.neweggimages.com/productimage/nb300/C1B6S2507280EIKXE24.jpg,,,Yeston,Yeston Sakura Radeon RX 9060 XT 16G GDDR6 128bit video cards Desktop Computer PC Graphics Card,RX9060XT 16G D6 OC SA,559.0,Free Shipping,649.0,,RX 9000,,Mid-range ($500-1200)
https://c1.neweggimages.com/productimage/nb300/14-932-803-13.jpg,4.4,48.0,GIGABYTE,GIGABYTE Eagle GeForce RTX 5060 8GB GDDR7 PCI Express 5.0 ATX Graphics Card GV-N5060EAGLE OC-8GD,GV-N5060EAGLE OC-8GD,469.99,Free Shipping,,8.0,RTX 5000,58.75,Entry-level (<$500)
https://c1.neweggimages.com/productimage/nb300/BF3CS2511260DH4TC39.jpg,4.6,19.0,Peladn,Peladn Gaming RTX 3070 8G Graphics Card 256bit GDDR6 5888CUDA PCI Express 4.0 Video Card Double fans Edition,6972410029404,305.0,Free Shipping,499.0,,RTX 3000,,Entry-level (<$500)
https://c1.neweggimages.com/productimage/nb300/14-500-607-10.jpg,4.7,69.0,ZOTAC,ZOTAC SOLID SFF OC GeForce RTX 5070 Ti 16GB 256-Bit GDDR7 DLSS 4.0 PIC-Express 5.0 Graphics Card ZT-B50710J3-10P,ZT-B50710J3-10P,1532.24,Free Shipping,,16.0,RTX 5000,95.76,High-end (>$1200)
https://c1.neweggimages.com/productimage/nb300/14-126-754-01.jpg,4.5,175.0,ASUS,ASUS TUF Gaming GeForce RTX 5070 OC 12GB 192-Bit GDDR7 PCI Express 5.0 DLSS 4.0 Graphics Card TUF-RTX5070-O12G-GAMING,TUF-RTX5070-O12G-GAMING,949.99,Free Shipping,,12.0,RTX 5000,79.17,Mid-range ($500-1200)
https://c1.neweggimages.com/productimage/nb300/14-202-482-01.jpg,5.0,1.0,Sapphire Tech,REFURBISHED SAPPHIRE PULSE Radeon RX 7900 XT 20GB GDDR6 PCI Express 4.0 x16 ATX Graphics Card 11323-98-90G,11323-98-90G,649.99,Free Shipping,,20.0,RX 7000,32.5,Mid-range ($500-1200)
https://c1.neweggimages.com/productimage/nb300/14-202-484-01.png,,,Sapphire Tech,REFURBISHED SAPPHIRE NITRO+ Radeon RX 9070 XT 16GB GDDR6 PCI Express 5.0 x16 ATX Graphics Card 11348-01CPO,11348-01CPO,749.99,Free Shipping,,16.0,RX 9000,46.87,Mid-range ($500-1200)
https://c1.neweggimages.com/productimage/nb300/14-202-428-V02.jpg,4.3,454.0,Sapphire Tech,SAPPHIRE NITRO+ Radeon RX 7900 XTX 24GB GDDR6 PCI Express 4.0 x16 ATX Graphics Card 11322-01-40G,11322-01-40G,1356.1,Free Shipping,,24.0,RX 7000,56.5,High-end (>$1200)
https://c1.neweggimages.com/productimage/nb300/14-137-812-06.png,4.2,5.0,MSI,MSI GeForce GT 1030 4GB DDR4 PCI Express 3.0 x16 (uses x4) ATX Graphics Card GT 1030 4G DDR4 LP OC,GT 1030 4GD4 LP OC,119.99,Free Shipping,,4.0,Other,30.0,Entry-level (<$500)
https://c1.neweggimages.com/productimage/nb300/14-150-913-05.jpg,,,XFX,"XFX Swift AMD Radeon RX 9060 XT OC Gaming Edition with 8GB GDDR6 HDMI 2xDP, AMD RDNA 4 RX 9060XT 8GB",RX-96TSW8GBQ,449.99,Free Shipping,,8.0,RX 9000,56.25,Entry-level (<$500)
https://c1.neweggimages.com/productimage/nb300/14-133-903-02.png,4.5,6.0,PNY,PNY ARGB OC GeForce RTX 5070 12GB 192-Bit GDDR7 PCI Express 5.0 DLSS 4.0 Graphics Card VCG507012TFXXPB1-O,VCG507012TFXXPB1-O,869.99,Free Shipping,,12.0,RTX 5000,72.5,Mid-range ($500-1200)
https://c1.neweggimages.com/productimage/nb300/14-126-761-01.png,4.5,175.0,ASUS,ASUS PRIME GeForce RTX 5070 OC 12GB 192-Bit GDDR7 PCI Express 5.0 DLSS 4.0 Graphics Card PRIME-RTX5070-O12G,PRIME-RTX5070-O12G,909.99,Free Shipping,972.82,12.0,RTX 5000,75.83,Mid-range ($500-1200)
https://c1.neweggimages.com/productimage/nb300/BM9SS2608250H92IJ6D.jpg,,,GUNNIR,"GUNNIR Intel Arc Pro B50 16G Low Profile Graphics Card, Single Slot 16GB GDDR6 Workstation GPU, 70W No Power Cable Required, PCIe 5.0, 8K Support, 2x HDMI 2.1 1x DP 2.1, SFF Compact",GUNNIR Intel Arc Pro B50 LP 16G,599.0,Free Shipping,,16.0,Other,37.44,Mid-range ($500-1200)
https://c1.neweggimages.com/productimage/nb300/14-932-060-V01.jpg,4.3,28.0,GIGABYTE,GIGABYTE GeForce GT 1030 Low Profile D4 2G DirectX 12 GV-N1030D4-2GL Graphics Card,GV-N1030D4-2GL,109.99,$5.99 Shipping,122.99,,Other,,Entry-level (<$500)
https://c1.neweggimages.com/productimage/nb300/14-137-909-12.jpg,4.5,248.0,MSI,MSI Gaming GeForce RTX 5080 16GB GDDR7 PCI Express 5.0 Graphics Card RTX 5080 16G GAMING TRIO OC WHITE,RTX 5080 16G GAMING TRIO OC WHITE,1799.99,Free Shipping,,16.0,RTX 5000,112.5,High-end (>$1200)
https://c1.neweggimages.com/productimage/nb300/14-137-973-01.jpg,4.9,22.0,MSI,MSI Ventus GeForce RTX 5060 8GB GDDR7 PCI Express 5.0 x 16 (use x8) Graphics Card RTX 5060 8G VENTUS 3X OC,RTX 5060 8G VENTUS 3X OC,469.99,Free Shipping,,8.0,RTX 5000,58.75,Entry-level (<$500)
https://c1.neweggimages.com/productimage/nb300/14-150-921-02.jpg,,,XFX,XFX Swift Radeon RX 9070 GRE 12GB GDDR6 PCI Express 5.0 ATX Graphics Card RX-97GRE29B7 9070 GRE,RX-97GRE29B7,549.99,Free Shipping,,12.0,RX 9000,45.83,Mid-range ($500-1200)
https://c1.neweggimages.com/productimage/nb300/14-932-829-02.jpg,4.6,300.0,GIGABYTE,"GIGABYTE AORUS GeForce RTX 5080 INFINITY WOOD 16G Graphics Card, 16GB 256-bit GDDR7, PCIe 5.0, WINDFORCE HYPERBURST cooling system, GV-N5080AORUSIF WD-16GD Graphics Card",GV-N5080AORUSIF WD-16GD,1899.99,Free Shipping,,16.0,RTX 5000,118.75,High-end (>$1200)
https://c1.neweggimages.com/productimage/nb300/14-932-611-V01.jpg,4.7,303.0,GIGABYTE,GIGABYTE WINDFORCE GeForce RTX 4070 12GB GDDR6X PCI Express 4.0 x16 ATX Graphics Card GV-N4070WF3OC-12GD,GV-N4070WF3OC-12GD,740.0,Free Shipping,,12.0,RTX 4000,61.67,Mid-range ($500-1200)
https://c1.neweggimages.com/productimage/nb300/14-150-879-04.jpg,4.7,27.0,XFX,XFX SPEEDSTER SWFT210 RADEON RX 7600 CORE Gaming Graphics Card RX-76PSWFTFY,RX-76PSWFTFY,339.99,Free Shipping,,,RX 7000,,Entry-level (<$500)
https://c1.neweggimages.com/productimage/nb300/14-137-974-03.jpg,4.9,22.0,MSI,MSI Ventus GeForce RTX 5060 8GB GDDR7 PCI Express 5.0 x 16 (use x8) Graphics Card RTX 5060 8G VENTUS 2X OC WHITE,RTX 5060 8G VENTUS 2X OC WHITE,550.9,Free Shipping,,8.0,RTX 5000,68.86,Mid-range ($500-1200)
https://c1.neweggimages.com/productimage/nb300/14-126-742-04.jpg,4.7,173.0,ASUS,ASUS ROG Astral GeForce RTX 5080 16GB GDDR7 OC Edition ROG-ASTRAL-RTX5080-O16G-GAMING PCI-Express 5.0 DLSS 4.0 Graphics Card,ROG-ASTRAL-RTX5080-O16G-GAMING,2099.99,Free Shipping,2267.99,16.0,RTX 5000,131.25,High-end (>$1200)
https://c1.neweggimages.com/productimage/nb300/14-137-905-08.jpg,4.5,248.0,MSI,MSI Suprim GeForce RTX 5080 16GB GDDR7 PCI Express 5.0 x16 Graphics Card RTX 5080 16G SUPRIM LIQUID SOC,RTX 5080 16G SUPRIM LIQUID SOC,1999.99,Free Shipping,,16.0,RTX 5000,125.0,High-end (>$1200)
https://c1.neweggimages.com/productimage/nb300/BF3CS25010208XCJN65.jpg,5.0,1.0,PELADN,PELADN RX 580 8GB Graphics Card GPU DirectX 12 256-Bit GDDR5 PCI Express 3.0 Gaming Video Card,6972410021538,128.0,Free Shipping,199.0,8.0,Other,16.0,Entry-level (<$500)
https://c1.neweggimages.com/productimage/nb300/14-932-831-01.png,4.8,241.0,GIGABYTE,"GIGABYTE AORUS GeForce RTX 5070 Ti INFINITY 16G Graphics Card, 16GB 256-bit GDDR7, PCIe 5.0, WINDFORCE HYPERBURST cooling system, GV-N507TAORUS IF-16GD Graphics Card",GV-N507TAORUS IF-16GD,1299.99,Free Shipping,1351.99,16.0,RTX 5000,81.25,High-end (>$1200)
https://c1.neweggimages.com/productimage/nb300/B7UMS2506220TB59411.jpg,5.0,6.0,XFX,"XFX Mercury AMD Radeon RX 9060 XT OC Gaming Edition with 16GB GDDR6 HDMI 2xDP, AMD RDNA 4",RX-96TMERCB9,549.99,Free Shipping,,16.0,RX 9000,34.37,Mid-range ($500-1200)
https://c1.neweggimages.com/productimage/nb300/14-126-813-02.png,4.5,175.0,ASUS,ASUS PRIME GeForce RTX 5070 12GB GDDR7 PCI Express 5.0 x16 ATX Graphics Card DLSS 4.0 PRIME-RTX5070-O12G-WHITE,PRIME-RTX5070-O12G-WHITE,919.99,Free Shipping,,12.0,RTX 5000,76.67,Mid-range ($500-1200)
https://c1.neweggimages.com/productimage/nb300/14-126-818-02.png,,,ASUS,ASUS Dual Radeon RX 9060 XT 16GB GDDR6 PCI Express 5.0 x16 ATX Graphics Card DUAL-RX9060XT-16G-WHITE,DUAL-RX9060XT-16G-WHITE,669.13,Free Shipping,,16.0,RX 9000,41.82,Mid-range ($500-1200)
https://c1.neweggimages.com/productimage/nb300/AD2CS2603290XN5EOA0.jpg,,,XFX,XFX OC White Gaming Edition Radeon RX 9060 XT 16GB GDDR6 PCI Express 5.0 Graphics Card RX-96TSW16WQ,RX-96TSW16WQ,519.99,Free Shipping,,16.0,RX 9000,32.5,Mid-range ($500-1200)
https://c1.neweggimages.com/productimage/nb300/14-133-993-17.jpg,1.0,1.0,PNY,PNY DUAL FAN OC GeForce RTX 5060 Ti 16GB 128-Bit GDDR7 PCI Express 5.0 x8 DLSS 4.0 Graphics Card RTX 5060 Ti 16GB DUAL FAN OC VCG5060T16DFXPB1-O,VCG5060T16DFXPB1-O,909.67,$10.99 Shipping,,16.0,RTX 5000,56.85,Mid-range ($500-1200)
https://c1.neweggimages.com/productimage/nb300/14-133-901-04.png,5.0,2.0,PNY,"PNY ARGB GeForce RTX5070 Ti ARGB EPIC-X RGB Overclocked Triple Fan, PCI Express 5.0 x16, DLSS 4.0, 16GB 256-Bit GDDR7 RTX 5070 T i Graphics Card VCG5070T16TFXXPB1-O",VCG5070T16TFXXPB1-O,1349.99,Free Shipping,,16.0,RTX 5000,84.37,High-end (>$1200)
https://c1.neweggimages.com/productimage/nb300/BF3CS2603050LQMFP32.jpg,5.0,1.0,Peladn,Peladn Gaming Graphics AMD RX 5500 8GB GDDR6 PCI Express 4.0 Video Card,6972410021705,145.0,Free Shipping,269.0,8.0,Other,18.12,Entry-level (<$500)
https://c1.neweggimages.com/productimage/nb300/BF3CS2501030EU8YRD9.jpg,3.9,7.0,Peladn,Peladn Gaming RTX 3070Ti 8G Graphics Card GDDR6 RGB Lighting PCI Express 4.0 Video Card Triple-fan Edition,6972410025352,325.0,Free Shipping,599.0,,RTX 3000,,Entry-level (<$500)
https://c1.neweggimages.com/productimage/nb300/14-932-433-01.jpg,4.7,394.0,GIGABYTE,GIGABYTE Gaming OC GeForce RTX 3060 12GB GDDR6 PCI Express 4.0 ATX Video Card GV-N3060GAMING OC-12GD (rev. 2.0) (LHR),GV-N3060GAM OC-12GD,490.0,Free Shipping,,12.0,RTX 3000,40.83,Entry-level (<$500)
https://c1.neweggimages.com/productimage/nb300/14-202-434-11.jpg,4.5,342.0,Sapphire Tech,SAPPHIRE PULSE Radeon RX 7800 XT 16GB GDDR6 PCI Express 4.0 x16 ATX Graphics Card 11330-02-20G,11330-02-20G,769.99,Free Shipping,,16.0,RX 7000,48.12,Mid-range ($500-1200)
https://c1.neweggimages.com/productimage/nb300/14-150-815-Z01.jpg,4.0,73.0,XFX,USED - LIKE NEW XFX Radeon RX 570 8GB DDR5 PCI Express 3.0 CrossFireX Support Graphics Card RX-570P8DFD6,RX-570P8DFD6,99.99,Free Shipping,,8.0,Other,12.5,Entry-level (<$500)
https://c1.neweggimages.com/productimage/nb300/14-126-708-06.png,3.7,15.0,ASUS,"ASUS Dual NVIDIA GeForce RTX 3050 6GB OC Edition Gaming Graphics Card - PCIe 4.0, 6GB GDDR6 Memory, HDMI 2.1, DisplayPort 1.4a, 2-slot Design, Axial-tech Fan Design, 0dB Technology, DUAL-RTX3050-O6G",DUAL-RTX3050-O6G,259.99,Free Shipping,,6.0,RTX 3000,43.33,Entry-level (<$500)
https://c1.neweggimages.com/productimage/nb300/14-137-962-11.jpg,4.6,167.0,MSI,MSI Gaming GeForce RTX 5060 Ti 8GB GDDR7 PCI Express 5.0 x 16 (use x8) ATX Graphics Card RTX 5060 Ti 8G GAMING TRIO OC,RTX 5060 Ti 8G GAMING TRIO OC,529.99,Free Shipping,566.6,8.0,RTX 5000,66.25,Mid-range ($500-1200)
https://c1.neweggimages.com/productimage/nb300/14-930-150-04.png,,,ASRock,ASRock Steel Legend Radeon RX 9070 GRE 12GB GDDR6 PCI Express 5.0 x16 ATX Graphics Card RX9070GRE SLD 12GO,RX9070GRE SLD 12GO,549.99,Free Shipping,,12.0,RX 9000,45.83,Mid-range ($500-1200)
https://c1.neweggimages.com/productimage/nb300/14-137-804-11.jpg,4.7,160.0,MSI,MSI Ventus GeForce RTX 4060 8GB GDDR6 PCI Express 4.0 x8 ATX Graphics Card RTX 4060 VENTUS 2X BLACK 8G OC,RTX 4060 VENTUS 2X BLACK 8G OC,499.0,Free Shipping,,8.0,RTX 4000,62.38,Entry-level (<$500)
https://c1.neweggimages.com/productimage/nb300/14-133-898-02.png,5.0,7.0,PNY,PNY ARGB OC GeForce RTX 5080 16GB 256-Bit GDDR7 DLSS 4.0 PCI Express 5.0 x16 Graphics Card VCG508016TFXXPB1-O,VCG508016TFXXPB1-O,1799.99,Free Shipping,,16.0,RTX 5000,112.5,High-end (>$1200)
https://c1.neweggimages.com/productimage/nb300/14-932-654-02.jpg,4.6,26.0,GIGABYTE,"GIGABYTE Radeon RX 7700 XT GAMING OC 12G Graphics Card, 3x WINDFORCE Fans 12GB 192-bit GDDR6, GV-R77XTGAMING OC-12GD Video Card",GV-R77XTGAMING OC-12GD,545.14,Free Shipping,,12.0,RX 7000,45.43,Mid-range ($500-1200)
https://c1.neweggimages.com/productimage/nb300/14-126-801-12.png,4.6,51.0,ASUS,ASUS GeForce RTX 5060 8GB GDDR7 PCI Express 5.0 x8 Graphics Card PRIME-RTX5060-8G,PRIME-RTX5060-8G,708.09,Free Shipping,,8.0,RTX 5000,88.51,Mid-range ($500-1200)
https://c1.neweggimages.com/productimage/nb300/14-500-650-01.jpg,5.0,3.0,ZOTAC,ZOTAC SOLID OC White Edition GeForce RTX 5080 16GB GDDR7 PCI Express 5.0 x16 ATX Graphics Card ZOTAC GAMING GeForce SOLID OC White Edition,ZT-B50800Q-10A,1649.99,Free Shipping,1715.99,16.0,RTX 5000,103.12,High-end (>$1200)
https://c1.neweggimages.com/productimage/nb300/14-137-963-10.jpg,4.6,167.0,MSI,MSI Gaming GeForce RTX 5060 Ti 8GB GDDR7 PCI Express 5.0 x 16 (use x8) ATX Graphics Card RTX 5060 Ti 8G GAMING OC,RTX 5060 Ti 8G GAMING OC,519.99,Free Shipping,561.59,8.0,RTX 5000,65.0,Mid-range ($500-1200)
https://c1.neweggimages.com/productimage/nb300/14-150-878-16.jpg,4.4,136.0,XFX,XFX SPEEDSTER MERC310 Radeon RX 7900 XTX 24GB GDDR6 PCI Express 4.0 x16 Graphics Card RX-79XMERCB9,RX-79XMERCB9,1599.0,Free Shipping,,24.0,RX 7000,66.62,High-end (>$1200)
https://c1.neweggimages.com/productimage/nb300/14-932-672-16.jpg,4.7,147.0,GIGABYTE,"GIGABYTE GeForce RTX 4080 SUPER WINDFORCE V2 16G Graphics Card, 3x WINDFORCE Fans, 16GB 256-bit GDDR6X, GV-N408SWF3V2-16GD Video Card",GV-N408SWF3V2-16GD,1522.0,Free Shipping,,16.0,RTX 4000,95.12,High-end (>$1200)
https://c1.neweggimages.com/productimage/nb300/14-500-657-04.jpg,,,ZOTAC,ZOTAC GAMING GeForce RTX 5060 Low Profile 8GB GDDR7 PCI Express 5.0 x8 Video Card ZT-B50600L-10A,ZT-B50600L-10A,519.99,Free Shipping,,8.0,RTX 5000,65.0,Mid-range ($500-1200)
https://c1.neweggimages.com/productimage/nb300/14-127-932-07.jpg,4.4,169.0,MSI,MSI GeForce GT 710 2GB DDR3 PCI Express 2.0 Low Profile Graphics Card GT 710 2GD3 LP,GT 710 2GD3 LP,74.99,Free Shipping,,2.0,Other,37.49,Entry-level (<$500)
https://c1.neweggimages.com/productimage/nb300/14-932-807-03.jpg,4.8,158.0,GIGABYTE,GIGABYTE Gaming Radeon RX 9060 XT 8GB GDDR6 PCI Express 5.0 x16 ATX Graphics Card GV-R9060XTGAMING OC-8GD RX 9060XT,GV-R9060XTGAMING OC-8GD,359.99,Free Shipping,,8.0,RX 9000,45.0,Entry-level (<$500)
https://c1.neweggimages.com/productimage/nb300/14-930-067-02.jpg,4.5,77.0,ASRock,ASRock Phantom Gaming D Radeon RX 6500 XT 4GB GDDR6 PCI Express 4.0 Graphics Card RX6500XT PGD 4GO,RX6500XT PGD 4GO,214.99,Free Shipping,,4.0,RX 6000,53.75,Entry-level (<$500)
https://c1.neweggimages.com/productimage/nb300/14-932-801-11.jpg,4.4,48.0,GIGABYTE,GIGABYTE Low Profile GeForce RTX 5060 8GB GDDR7 PCI Express 5.0 Low Profile Graphics Card GV-N5060OC-8GL,GV-N5060OC-8GL,469.99,Free Shipping,,8.0,RTX 5000,58.75,Entry-level (<$500)
https://c1.neweggimages.com/productimage/nb300/14-126-842-01.png,,,ASUS,"ASUS TUF Gaming GeForce RTX 5080 16GB GDDR7 BTF OC Edition Gaming Graphics Card (PCIe 5.0, HDMI/DP 2.1, 3.6-slot, military-grade components, detachable GC-HPWR adapter)",TUF-RTX5080-O16G-BTF-GAMING,1899.99,Free Shipping,,16.0,RTX Ada (Pro),118.75,High-end (>$1200)
https://c1.neweggimages.com/productimage/nb300/14-126-777-01.png,4.5,175.0,ASUS,ASUS ROG GeForce RTX 5070 OC 12GB 192-Bit GDDR7 DLSS 4.0 PCI-Express 5.0 Graphics Card ROG-STRIX-RTX5070-O12G-GAMING,ROG-STRIX-RTX5070-O12G-GAMING,1039.99,Free Shipping,,12.0,RTX 5000,86.67,Mid-range ($500-1200)
https://c1.neweggimages.com/productimage/nb300/AZUES250509062DPR95.jpg,5.0,7.0,Yeston,Yeston Atlantis Radeon RX 9070 XT 16G GDDR6 256bit 4nm Desktop computer PC Video Graphics Cards support PCI-Express 5.0 3*DP+1*HDMI-compatible ARGB graphics card,RX9070XT-16GD6-OC-YA,819.0,Free Shipping,,,RX 9000,,Mid-range ($500-1200)
https://c1.neweggimages.com/productimage/nb300/ADFRD25043018FPHG5A.jpg,,,XFX,USED - GOOD XFX Radeon RX 470 8GB GDDR5 RX-470P85 Video Graphics Card GPU GradeB - OEM,RX-470P85,59.99,,,8.0,Other,7.5,Entry-level (<$500)
https://c1.neweggimages.com/productimage/nb300/14-137-877-01.png,4.8,10.0,MSI,MSI Gaming GeForce RTX 3050 6GB GDDR6 PCI Express 4.0 x8 ATX Graphics Card RTX 3050 GAMING X 6G,RTX 3050 GAMING X 6G,279.99,Free Shipping,,6.0,RTX 3000,46.66,Entry-level (<$500)
https://c1.neweggimages.com/productimage/nb300/14-202-486-06.png,,,Sapphire Tech,REFURBISHED SAPPHIRE PULSE Radeon RX 9070 16GB GDDR6 PCI Express 5.0 x16 ATX Graphics Card 11349-03CPO,11349-03CPO,649.99,Free Shipping,,16.0,RX 9000,40.62,Mid-range ($500-1200)
https://c1.neweggimages.com/productimage/nb300/14-126-841-02.png,,,ASUS,ASUS PRIME Radeon RX 9070 GRE 12GB GDDR6 PCI Express 5.0 ATX Graphics Card PRIME-RX9070GRE-O12G-EVO,PRIME-RX9070GRE-O12G-EVO,579.99,Free Shipping,,12.0,RX 9000,48.33,Mid-range ($500-1200)
https://c1.neweggimages.com/productimage/nb300/BZDCS2504080EMKE417.jpg,,,ZER,"ZER LON Radeon RX 550 Graphics Card, 4GB GDDR5 128 Bit 1183MHz DP HDMI DVI-Output GPU, PCIE 3.0 Computer Gpu Support Up to 4K Video Card for Office and PC Gaming",RX 550 4G,104.99,Free Shipping,139.99,4.0,Other,26.25,Entry-level (<$500)
https://c1.neweggimages.com/productimage/nb300/B9ZZS250616104P0YAB.jpg,5.0,2.0,NVIDIA,NVIDIA Founder Edition GeForce RTX 5090 32GB GDDR7 PCI Express 5.0 x16 ATX Graphics Card 900-1G144-2530-000,GeForce RTX 5090,5827.19,Free Shipping,,32.0,RTX 5000,182.1,High-end (>$1200)
https://c1.neweggimages.com/productimage/nb300/14-131-889-04.png,,,PowerColor,PowerColor Reaper Radeon RX 9070 GRE 12GB GDDR6 PCI Express 5.0 x16 ATX Graphics Card RX9070GRE 12G-A,RX9070GRE 12G-A,549.99,Free Shipping,,12.0,RX 9000,45.83,Mid-range ($500-1200)
https://c1.neweggimages.com/productimage/nb300/14-150-865-V01.jpg,5.0,1.0,XFX,REFURBISHED XFX Speedster SWFT 319 Radeon RX 6900 XT 16GB GDDR6 PCI Express 4.0 Graphics Card RX-69XTAQFD9,RX-69XTAQFD9,449.99,Free Shipping,,16.0,RX 6000,28.12,Entry-level (<$500)
https://c1.neweggimages.com/productimage/nb300/14-126-816-02.png,4.7,173.0,ASUS,ASUS ROG Astral GeForce RTX 5080 16GB GDDR7 PCI Express 5.0 x16 Graphics Card ROG-ASTRAL-RTX5080-O16G-WHITE,ROG-ASTRAL-RTX5080-O16G-WHITE,2149.99,Free Shipping,,16.0,RTX 5000,134.37,High-end (>$1200)
https://c1.neweggimages.com/productimage/nb300/ACTN_1_20190808451394825.jpg,5.0,2.0,AMD,716521-001 717219-001 AMD ATI Radeon HD8490 1GB DDR3 DVI Displayport Video Card PCI-EXPRESS Video Cards - OEM,716521-001,22.99,,,1.0,Other,22.99,Entry-level (<$500)
https://c1.neweggimages.com/productimage/nb300/14-127-515-04.jpg,4.1,93.0,MSI,MSI GeForce 210 1GB DDR3 PCI Express 2.0 x16 Low Profile Ready Graphics Card N210-MD1G/D3,N210-MD1G/D3,44.99,Free Shipping,,1.0,Other,44.99,Entry-level (<$500)
https://c1.neweggimages.com/productimage/nb300/14-930-055-V01.jpg,4.2,158.0,ASRock,"USED - LIKE NEW ASRock Radeon RX 6700 XT Challenger Pro Gaming Graphic Card, 12GB GDDR6 VRAM, AMD RDNA2 (RX6700XT CLP 12GO)",RX6700XT CLP 12GO,349.99,$29.99 Shipping,359.99,12.0,RX 6000,29.17,Entry-level (<$500)
https://c1.neweggimages.com/productimage/nb300/14-487-547-S01.jpg,4.7,6.0,REFURBISHED,"REFURBISHED EVGA GeForce RTX 3080 Ti FTW3 ULTRA GAMING Video Card, 12G-P5-3967-KR, 12GB GDDR6X, iCX3 Technology, ARGB LED, Metal Backplate",12G-P5-3967-KR,509.99,Free Shipping,,12.0,RTX 3000,42.5,Mid-range ($500-1200)
https://c1.neweggimages.com/productimage/nb300/14-500-647-01.jpg,,,ZOTAC,ZOTAC Twin Edge OC GeForce RTX 5060 Ti 16GB GDDR7 PCI Express 5.0 x8 ATX Video Card ZT-B50620H-10A,ZT-B50620H-10A,829.99,Free Shipping,,16.0,RTX 5000,51.87,Mid-range ($500-1200)
https://c1.neweggimages.com/productimage/nb300/14-126-685-14.png,4.8,182.0,ASUS,"ASUS TUF Gaming NVIDIA GeForce RTX 4070 Ti SUPER OC Edition Gaming Graphics Card (PCIe 4.0, 16GB GDDR6X, HDMI 2.1a, DisplayPort 1.4a) TUF-RTX4070TIS-O16G-GAMING",TUF-RTX4070TIS-O16G-GAMING,1319.0,Free Shipping,,16.0,RTX 4000,82.44,High-end (>$1200)
https://c1.neweggimages.com/productimage/nb300/ADFRD2512121C82PNB8.jpg,,,PowerColor,PowerColor Hellhound Radeon RX 9070 XT 16GB GDDR6 PCI Express 5.0 x16 ATX Graphics Card RX9070XT 16G-L/OC/REVA,RX9070XT 16G-L/OC/REVA,849.99,$6.99 Shipping,,16.0,RX 9000,53.12,Mid-range ($500-1200)
https://c1.neweggimages.com/productimage/nb300/14-126-832-01.png,,,ASUS,ASUS PRIME Radeon RX 9070 16GB GDDR6 PCI Express 5.0 x16 ATX Graphics Card PRIME-RX9070-O16G-EVO,PRIME-RX9070-O16G-EVO,709.99,Free Shipping,817.99,16.0,RX 9000,44.37,Mid-range ($500-1200)
https://c1.neweggimages.com/productimage/nb300/AJEPS2604081AK9L35B.jpg,,,ZOTAC,"REFURBISHED ZOTAC GAMING GeForce RTX 4070 SUPER Twin Edge DLSS 3 12GB GDDR6X 192-bit 21 Gbps PCIE 4.0 Compact Gaming Graphics Card, IceStorm 2.0 Advanced Cooling, SPECTRA RGB Lighting, ZT-D40720E-10M",ZT-D40720E-10M,649.99,,,12.0,RTX 4000,54.17,Mid-range ($500-1200)
https://c1.neweggimages.com/productimage/nb300/14-137-932-04.jpg,4.6,393.0,MSI,MSI Gaming GeForce RTX 5070 Ti 16GB GDDR7 PCI Express 5.0 ATX Graphics Card RTX 5070 Ti 16G GAMING TRIO OC WHITE,RTX 5070 TI 16G GAMING TRIO OC WHITE,1745.03,Free Shipping,,16.0,RTX 5000,109.06,High-end (>$1200)
https://c1.neweggimages.com/productimage/nb300/BJXUS24102502MR1F03.jpg,4.3,9.0,SRhonyra,SRhonyra AMD RX 580 8GB Gaming graphics card 2048SP GDDR5 256Bit PCI Express 3.0 x16 6Pin Gaming Video Card Mining GPU Gaming GPU with HDMI DP DVI Port,SR58D5M8G1,135.95,Free Shipping,,8.0,Other,16.99,Entry-level (<$500)
https://c1.neweggimages.com/productimage/nb300/A2W0S25040400GVB1B1.jpg,,,PNY,PNY VCG508016TFXPB1 NVIDIA GeForce RTX 5080 16GB 256-Bit GDDR7 DLSS 4.0 PCI Express 5.0 x16 Video Card,VCG508016TFXPB1,1772.32,Free Shipping,,16.0,RTX 5000,110.77,High-end (>$1200)
https://c1.neweggimages.com/productimage/nb300/AJEPS26032308WMF12E.jpg,,,ASUS,REFURBISHED ASUS PRIME GeForce RTX 5070 12GB 192-Bit GDDR7 PCI Express 5.0 Graphics Card PRIME-RTX5070-12G,PRIME-RTX5070-12G,749.99,,,12.0,RTX 5000,62.5,Mid-range ($500-1200)
https://c1.neweggimages.com/productimage/nb300/14-932-657-V01.jpg,4.6,168.0,GIGABYTE,"GIGABYTE Radeon RX 7800 XT GAMING OC 16G Graphics Card, 3x WINDFORCE Fans 16GB 256-bit GDDR6, GV-R78XTGAMING OC-16GD Video Card",GV-R78XTGAMING OC-16GD,765.0,Free Shipping,,16.0,RX 7000,47.81,Mid-range ($500-1200)
https://c1.neweggimages.com/productimage/nb300/AZUES25050909302S97.jpg,,,Yeston,Yeston Sakura Nvidia GeForce RTX 5070 Graphics Card GDDR7 12G 192bit Gaming GPU PCI-Express 5.0 video cards Desktop computer PC video gaming graphics card,RTX 5070 12G D7 SOA,849.0,Free Shipping,,,RTX 5000,,Mid-range ($500-1200)
https://c1.neweggimages.com/productimage/nb300/14-932-830-01.png,4.6,300.0,GIGABYTE,"GIGABYTE AORUS GeForce RTX 5080 INFINITY 16G Graphics Card, 16GB 256-bit GDDR7, PCIe 5.0, WINDFORCE HYPERBURST cooling system, GV-N5080AORUS IF-16GD Graphics Card",GV-N5080AORUS IF-16GD,1899.99,Free Shipping,,16.0,RTX 5000,118.75,High-end (>$1200)
https://c1.neweggimages.com/productimage/nb300/14-137-632-03.jpg,4.8,685.0,MSI,MSI Ventus GeForce RTX 3060 12GB GDDR6 PCI Express 4.0 Graphics Card RTX 3060 Ventus 2X 12G OC,RTX3060Ventus2X12GOC,457.84,Free Shipping,489.0,12.0,RTX 3000,38.15,Entry-level (<$500)
https://c1.neweggimages.com/productimage/nb300/14-126-606-20.jpg,4.7,211.0,ASUS,"ASUS TUF Gaming NVIDIA GeForce RTX 4070 Ti OC Edition Gaming Graphics Card (PCIe 4.0, 12GB GDDR6X, HDMI 2.1a, DisplayPort 1.4a) TUF-RTX4070TI-O12G-GAMING",TUF-RTX4070TI-O12G-GAMING,1079.0,Free Shipping,1199.99,12.0,RTX 4000,89.92,Mid-range ($500-1200)
https://c1.neweggimages.com/productimage/nb300/BZDCS2504080LO86XDB.jpg,5.0,1.0,ZER,"ZER LON GeForce GTX 1050 Ti Gaming Graphics Card, 4GB GDDR5 128bit 1291MHz DP HDMI DVI-Output GPU, PCI Express 3.0 Support Up to 4K Video Card for Office and PC Gaming",GTX 1050 Ti 4G,129.99,Free Shipping,199.99,4.0,GTX 1000,32.5,Entry-level (<$500)
https://c1.neweggimages.com/productimage/nb300/14-137-942-10.jpg,4.7,210.0,MSI,MSI Ventus GeForce RTX 5070 12GB GDDR7 PCI Express 5.0 ATX Graphics Card RTX 5070 12G VENTUS 2X OC WHITE,RTX 5070 12G VENTUS 2X OC WHITE,900.23,,,12.0,RTX 5000,75.02,Mid-range ($500-1200)
https://c1.neweggimages.com/productimage/nb300/14-932-678-03.jpg,4.4,144.0,GIGABYTE,"GIGABYTE GeForce RTX 4070 Ti SUPER WINDFORCE OC 16G Graphics Card, 3x WINDFORCE Fans, 16GB 256-bit GDDR6X, GV-N407TSWF3OC-16GD Video Card",GV-N407TSWF3OC-16GD,1299.77,Free Shipping,1345.36,16.0,RTX 4000,81.24,High-end (>$1200)
https://c1.neweggimages.com/productimage/nb300/14-131-869-02.png,,,PowerColor,OPEN BOX PowerColor RED DEVIL Radeon RX 9070 XT 16GB 256-Bit GDDR6 PCI Express 5.0 Graphics Card RX9070XT 16G-E/OC,RX9070XT 16G-E/OC,729.99,Free Shipping,,16.0,RX 9000,45.62,Mid-range ($500-1200)
https://c1.neweggimages.com/productimage/nb300/B1PGS23122011MNKE2B.jpg,,,NVIDIA,REFURBISHED NVidia GeForce RTX 3090 Founders Edition 24GB GDDR6 Geforce RTX 3090 FE Video Graphic Card GPU,Geforce 3090 FE-R,1699.99,Free Shipping,,24.0,RTX 3000,70.83,High-end (>$1200)
https://c1.neweggimages.com/productimage/nb300/14-985-043-01.jpg,,,REFURBISHED,REFURBISHED PNY GeForce RTX 4070 Ti 12GB GDDR6X PCI Express 4.0 x16 Graphics Card RTX 4070Ti 12GB Blower,VCG4070T12BLXPB1,599.99,Free Shipping,,12.0,RTX 4000,50.0,Mid-range ($500-1200)
https://c1.neweggimages.com/productimage/nb300/B7UMS2506220TN9UV6F.jpg,5.0,5.0,XFX,"XFX Mercury AMD Radeon RX 9060 XT OC White Gaming Edition with 16GB GDDR6 HDMI 2xDP, AMD RDNA 4",840191503443,569.99,Free Shipping,,16.0,RX 9000,35.62,Mid-range ($500-1200)
https://c1.neweggimages.com/productimage/nb300/14-137-954-21.jpg,4.6,167.0,MSI,MSI Gaming GeForce RTX 5060 Ti 16GB GDDR7 PCI Express 5.0 x 16 (use x8) ATX Graphics Card RTX 5060 Ti 16G GAMING TRIO OC,RTX 5060 Ti 16G GAMING TRIO OC,799.99,Free Shipping,,16.0,RTX 5000,50.0,Mid-range ($500-1200)
https://c1.neweggimages.com/productimage/nb300/C0JHS2508060HFUR09A.jpg,5.0,1.0,SongryVGA,SongryVGA R5 230 2GB Low Profile Graphic Card GDDR3 Video Card Dual HDMI 1080P Output for SFF Thin ITX HTPC PC Plug-and-Play Compatible with Windows 10 and Linux,R5 230 2GB 2H,32.85,Free Shipping,39.95,2.0,Other,16.42,Entry-level (<$500)
https://c1.neweggimages.com/productimage/nb300/14-202-438-01.png,4.7,26.0,Sapphire Tech,SAPPHIRE PURE Radeon RX 7700 XT 12GB GDDR6 PCI Express 4.0 x16 Graphics Card 11335-03-20G,11335-03-20G,543.19,Free Shipping,,12.0,RX 7000,45.27,Mid-range ($500-1200)
https://c1.neweggimages.com/productimage/nb300/14-133-997-03.png,5.0,1.0,PNY,PNY DUAL FAN GeForce RTX 5060 8GB GDDR7 PCI Express 5.0 x8 ATX Graphics Card RTX 5060 Overclocked Dual Fan GPU,VCG50608DFXPB1-O,459.99,Free Shipping,,8.0,RTX 5000,57.5,Entry-level (<$500)
https://c1.neweggimages.com/productimage/nb300/14-932-832-01.png,4.3,142.0,GIGABYTE,"GIGABYTE AORUS GeForce RTX 5070 INFINITY 12G Graphics Card, 12GB 192-bit GDDR7, PCIe 5.0, WINDFORCE HYPERBURST cooling system, GV-N5070AORUS IF-12GD Graphics Card",GV-N5070AORUS IF-12GD,929.99,Free Shipping,967.19,12.0,RTX 5000,77.5,Mid-range ($500-1200)
https://c1.neweggimages.com/productimage/nb300/14-980-001-02.png,,,Yeston,Yeston Atlantis Radeon RX 9070 XT 16GB GDDR6 PCI Express 5.0 x16 Graphics Card RX9070XT,YT RX-97XT-16D6-YOA-11PCI,769.0,$19.99 Shipping,,16.0,RX 9000,48.06,Mid-range ($500-1200)
https://c1.neweggimages.com/productimage/nb300/BF9VS2210200E4JDIA0.jpg,5.0,1.0,AMD,"REFURBISHED AMD Radeon RX 6700 XT 12GB GDDR6 Gaming Graphics Card , Powered by AMD RDNA 2, HDMI 2.1, (Radeon RX 6700 XT 12G)",AMD Radeon RX 6700 XT,309.99,$49.99 Shipping,,12.0,RX 6000,25.83,Entry-level (<$500)
https://c1.neweggimages.com/productimage/nb300/AZUES2309150JCKCJC6.jpg,4.2,9.0,Yeston,Yeston Radeon RX 7800 XT 16GD6 GDDR6 video cards Desktop computer PC Video Graphics Cards support PCI-Express 4.0 3*DP+1*HDMI-compatible RGB light effect Fragrant graphics card RX 7800XT,RX7800XT-16G6 SA,769.99,Free Shipping,,,RX 7000,,Mid-range ($500-1200)
https://c1.neweggimages.com/productimage/nb300/14-126-845-05.png,5.0,1.0,ASUS,ASUS T1 GeForce RTX 5060 Ti 8GB GDDR7 PCI Express 5.0 ATX Graphics Card T1-RTX5060TI-O8G-GAMING,T1-RTX5060TI-O8G-GAMING,609.99,Free Shipping,658.79,8.0,RTX 5000,76.25,Mid-range ($500-1200)
https://c1.neweggimages.com/productimage/nb300/BJXUS2407260LTJSC31.jpg,5.0,2.0,SRhonyra,"SRhonyra GT 730 4GB low profile graphics card, DDR3 128-Bit, 2×HDMI outputs, single-slot width, PCIe 2.0 x16, designed for small-form-factor desktop PC, 2U server cases",SR732H41,44.59,Free Shipping,79.99,4.0,Other,11.15,Entry-level (<$500)
https://c1.neweggimages.com/productimage/nb300/ADFRD2604101BEUB17B.jpg,,,ASUS,REFURBISHED ASUS TUF GeForce RTX 5070 12GB GDDR7 OC Video Graphics Card,TUF-RTX5070-O12G-GAMING,749.99,,799.99,12.0,RTX 5000,62.5,Mid-range ($500-1200)
https://c1.neweggimages.com/productimage/nb300/C0JHS2508200KZVTQA4.jpg,,,SongryVGA,SongryVGA GTX 1060 3GB Graphics Card GDDR5 192-bit PCIe 3.0 x16 Dual Fan Cooling HDMI 2.0 4K DP Ultra HD Gaming Desktop PC,GTX 1060 3GB GM,117.99,Free Shipping,142.99,3.0,GTX 1000,39.33,Entry-level (<$500)
https://c1.neweggimages.com/productimage/nb300/14-137-690-V01.jpg,4.5,218.0,MSI,MSI Mech Radeon RX 6600 8GB GDDR6 PCI Express 4.0 Graphics Card RX 6600 MECH 2X 8G,RX 6600 MECH 2X 8G,445.0,Free Shipping,,8.0,RX 6000,55.62,Entry-level (<$500)
https://c1.neweggimages.com/productimage/nb300/BJXUD2508080MCTZ0AF.jpg,,,SRhonyra,SRhonyra R5 230 Low Profile Graphics Card 2GB DDR3 Dual HDMI 1080P PCIe 2.0 x16 Bus Powered Support Splicing Mode 20 Watts SFF GPU,SR232H21,33.59,Free Shipping,59.99,2.0,Other,16.8,Entry-level (<$500)
https://c1.neweggimages.com/productimage/nb300/14-137-971-06.jpg,4.9,22.0,MSI,MSI Gaming GeForce RTX 5060 8GB GDDR7 PCI Express 5.0 x 16 (use x8) Graphics Card RTX 5060 8G GAMING OC,RTX 5060 8G GAMING OC,489.99,Free Shipping,,8.0,RTX 5000,61.25,Entry-level (<$500)
https://c1.neweggimages.com/productimage/nb300/BJXUD2508080MCV7S74.jpg,,,SRhonyra,"SRhonyra RTX 3050 6GB Low Profile Graphics Card, GDDR6 96-Bit DisplayPort and HDMI Dual Monitor Display, PCIe 4.0 x 16 Bus Powered, Single Slot Width, Low-Profile-Ready Video Card for Compact PCs",Model #:,289.95,Free Shipping,,6.0,RTX 3000,48.32,Entry-level (<$500)
https://c1.neweggimages.com/productimage/nb300/14-932-802-13.jpg,4.4,48.0,GIGABYTE,GIGABYTE Eagle GeForce RTX 5060 8GB GDDR7 PCI Express 5.0 Graphics Card GV-N5060EAGLEOC ICE-8GD,GV-N5060EAGLEOC ICE-8GD,469.99,Free Shipping,,8.0,RTX 5000,58.75,Entry-level (<$500)
https://c1.neweggimages.com/productimage/nb300/14-131-887-04.png,,,PowerColor,PowerColor RED DEVIL Radeon RX 9070 GRE 12GB GDDR6 PCI Express 5.0 x16 ATX Graphics Card RX9070GRE 12G-E/OC,RX9070GRE 12G-E/OC,599.99,Free Shipping,,12.0,RX 9000,50.0,Mid-range ($500-1200)
https://c1.neweggimages.com/productimage/nb300/ATMXS250116058VVRC3.jpg,,,GPVHOSO,"GPVHOSO GTX 1060 6GB Computer Graphics Card, GDDR5 192bit 8K HDR VR Ready, 1060 Video Cards for Gaming PC, Tarjeta Gráfica Support Direct X12 PCIe3.0 * 16, Dual Cooling Fans, HDMI + 2*DP",GTX1060 6GB-Bla,149.99,Free Shipping,,6.0,GTX 1000,25.0,Entry-level (<$500)
https://c1.neweggimages.com/productimage/nb300/14-126-800-01.png,4.6,51.0,ASUS,ASUS TUF Gaming GeForce RTX 5060 8GB GDDR7 PCI Express 5.0 x8 ATX Graphics Card TUF-RTX5060-O8G-GAMING,TUF-RTX5060-O8G-GAMING,569.99,Free Shipping,,8.0,RTX 5000,71.25,Mid-range ($500-1200)
https://c1.neweggimages.com/productimage/nb300/BF3CS25040206GCHJ32.jpg,4.3,42.0,Peladn,Peladn Gaming Graphics RX 5500XT 8GB GDDR6 PCI Express 4.0 Video Card,6972410024737,155.0,Free Shipping,,8.0,Other,19.38,Entry-level (<$500)
https://c1.neweggimages.com/productimage/nb300/14-202-383-V01.jpg,,,Sapphire Tech,REFURBISHED SAPPHIRE NITRO+ Radeon RX 5700 XT DirectX 12 11293-97-90G Video Card,11293-97-90G,169.99,$60.00 Shipping,189.99,,Other,,Entry-level (<$500)
https://c1.neweggimages.com/productimage/nb300/14-487-553-01.jpg,4.8,4.0,REFURBISHED,REFURBISHED EVGA FTW3 ULTRA GeForce RTX 3080 12GB GDDR6X PCI Express 4.0 ATX Graphics Card 12G-P5-4877-KL,12G-P5-4877-KL,449.99,Free Shipping,,12.0,RTX 3000,37.5,Entry-level (<$500)
https://c1.neweggimages.com/productimage/nb300/14-202-485-01.png,,,Sapphire Tech,REFURBISHED SAPPHIRE PULSE Radeon RX 9070 XT 16GB GDDR6 PCI Express 5.0 x16 ATX Graphics Card 11348-03CPO,11348-03CPO,729.99,Free Shipping,,16.0,RX 9000,45.62,Mid-range ($500-1200)
https://c1.neweggimages.com/productimage/nb300/BJXUD2508080MCV7S74.jpg,,,Srhonyra,Srhonyra GTX 1060 3GB Low Profile Graphics Card GDDR5 PCIe 3.0 X16 192 Bits SFF GPU HDMI DisplayPort Dual Displays for Compact PC Case,SR106D5LP3G1,125.59,Free Shipping,199.99,3.0,GTX 1000,41.86,Entry-level (<$500)
https://c1.neweggimages.com/productimage/nb300/C0JHS2605290KP9OX82.jpg,,,SongryVGA,SongryVGA RX 580 8GB Graphics Card GDDR5 256-Bit PCIe 3.0 x16 Dual-Fan Cooling Triple Monitor Support HDMI DP DVI Windows 10/11 Linux Compatible Single 6-Pin Power,RX 580 8GB GM,139.85,Free Shipping,166.99,8.0,Other,17.48,Entry-level (<$500)
https://c1.neweggimages.com/productimage/nb300/14-126-537-V01.jpg,4.6,7.0,ASUS,ASUS GeForce GT 730 2GB GDDR5 PCI Express 2.0 Low Profile Graphics Card GT730-SL-2GD5-BRK,GT730-SL-2GD5-BRK,85.0,Free Shipping,,2.0,Other,42.5,Entry-level (<$500)
https://c1.neweggimages.com/productimage/nb300/14-932-486-10.jpg,5.0,1.0,GIGABYTE,REFURBISHED GIGABYTE Gaming Radeon RX 6700 XT 12GB GDDR6 PCI Express 4.0 ATX Graphics Card GV-R67XTGAMING OC-12GD,GV-R67XTGAMING OC-12,379.99,Free Shipping,,12.0,RX 6000,31.67,Entry-level (<$500)
https://c1.neweggimages.com/productimage/nb300/14-137-855-04.png,4.8,135.0,MSI,MSI Gaming GeForce RTX 4070 Ti SUPER 16GB GDDR6X PCI Express 4.0 ATX Graphics Card RTX 4070 Ti SUPER 16G GAMING X SLIM,RTX 4070 Ti SUPER 16G GAMING X SLIM,1265.85,Free Shipping,1308.53,16.0,RTX 4000,79.12,High-end (>$1200)
https://c1.neweggimages.com/productimage/nb300/14-500-609-02.jpg,2.5,2.0,ZOTAC,ZOTAC Twin Edge OC GeForce RTX 5060 Ti 8GB 128-Bit GDDR7 PCI Express 5.0 x8 DLSS 4.0 Graphics Card ZT-B50610H-10M,ZT-B50610H-10M,529.99,Free Shipping,,8.0,RTX 5000,66.25,Mid-range ($500-1200)
https://c1.neweggimages.com/productimage/nb300/BP4YS2505030IT72188.jpg,5.0,1.0,ASUS,"ASUS TUF Gaming Radeon RX 7900 XTX OC Edition 24GB GDDR6 Graphics Card (PCIe 4.0, 24GB GDDR6, HDMI 2.1a, DisplayPort 2.1) TUF-RX7900XTX-O24G-GAMING",TUF-RX7900XTX-O24G-GAMING OC,1386.13,Free Shipping,,24.0,RX 7000,57.76,High-end (>$1200)
https://c1.neweggimages.com/productimage/nb300/14-487-532-01.jpg,4.8,113.0,EVGA,"EVGA GeForce RTX 3070 FTW3 ULTRA GAMING Video Card, 08G-P5-3767-KR, 8GB GDDR6, iCX3 Technology, ARGB LED, Metal Backplate",08G-P5-3767-KR,545.0,Free Shipping,,8.0,RTX 3000,68.12,Mid-range ($500-1200)
https://c1.neweggimages.com/productimage/nb300/ACBWD26042313Z932EB.jpg,,,ASUS,REFURBISHED ASUS Dual GeForce RTX 4060 OC V2(8GB) - Graphics Card (DUAL-RTX4060-O8G-V2),ASDUAL-RTX4060-O8G-V2-R,344.99,Free Shipping,349.99,8.0,RTX 4000,43.12,Entry-level (<$500)
https://c1.neweggimages.com/productimage/nb300/14-137-364-V08.jpg,4.0,290.0,MSI,MSI GeForce RTX 2070 8GB GDDR6 PCI Express 3.0 x16 Graphics Card RTX 2070 GAMING Z 8G,RTX 2070 GAMING Z 8G,675.0,Free Shipping,,8.0,Other,84.38,Mid-range ($500-1200)
https://c1.neweggimages.com/productimage/nb300/14-930-066-07.jpg,3.6,5.0,ASRock,REFURBISHED ASRock Radeon RX 6600 Challenger D 8GB GDDR6 PCI Express 4.0 Graphics Card RX6600 CLD 8G,RX6600 CLD 8G,159.99,Free Shipping,,8.0,RX 6000,20.0,Entry-level (<$500)
https://c1.neweggimages.com/productimage/nb300/14-126-648-08.png,4.5,80.0,ASUS,"ASUS TUF Gaming GeForce RTX 4060 Ti OC Edition Gaming Graphics Card (PCIe 4.0, 8GB GDDR6, DLSS 3, HDMI 2.1a, DisplayPort 1.4a) TUF-RTX4060TI-O8G-GAMING",TUF-RTX4060TI-O8G-GAMING,620.79,Free Shipping,640.19,8.0,RTX 4000,77.6,Mid-range ($500-1200)
https://c1.neweggimages.com/productimage/nb300/14-131-888-09.jpg,,,PowerColor,PowerColor Hellhound Radeon RX 9070 GRE 12GB GDDR6 PCI Express 5.0 x16 ATX Graphics Card RX9070GRE 12G-L/OC,RX9070GRE 12G-L/OC,569.99,Free Shipping,,12.0,RX 9000,47.5,Mid-range ($500-1200)
https://c1.neweggimages.com/productimage/nb300/14-202-431-12.jpg,4.5,338.0,Sapphire Tech,SAPPHIRE PULSE Radeon RX 7900 XT 20GB GDDR6 PCI Express 4.0 x16 ATX Graphics Card 11323-02-20G,11323-02-20G,902.09,Free Shipping,921.5,20.0,RX 7000,45.1,Mid-range ($500-1200)
https://c1.neweggimages.com/productimage/nb300/14-126-454-02.jpg,4.6,104.0,ASUS,USED - LIKE NEW ASUS TUF Gaming GeForce RTX 3090 24GB GDDR6X PCI Express 4.0 SLI Support Graphics Card TUF-RTX3090-O24G-GAMING,TUF-RTX3090-O24G-GAM,1790.0,$60.00 Shipping,1999.99,24.0,RTX 3000,74.58,High-end (>$1200)
https://c1.neweggimages.com/productimage/nb300/C0JHS2512200G0YLYF0.jpg,1.0,1.0,SongryVGA,SongryVGA RTX 3060 12GB Low Profile Graphics Card GDDR6 PCIe 4.0 x16 HDMI DP Outputs Compatible with SFF/Thin ITX/HTPC/ PC,RTX 3060 12GB DH,498.95,Free Shipping,583.05,12.0,RTX 3000,41.58,Entry-level (<$500)
https://c1.neweggimages.com/productimage/nb300/14-126-799-01.png,4.8,61.0,ASUS,ASUS Dual GeForce RTX 5060 Ti 8GB GDDR7 PCI Express 5.0 x8 ATX Graphics Card DUAL-RTX5060TI-O8G,DUAL-RTX5060TI-O8G,559.99,Free Shipping,,8.0,RTX 5000,70.0,Mid-range ($500-1200)
https://c1.neweggimages.com/productimage/nb300/BJXUS2303310JTT8H28.jpg,4.0,2.0,SRhonyra,SRhonyra GeForce GTX 1650 low profile vIdeo card 4G GDDR5 128bit PCI Express 3.0 x16 Single slot Powered by PCI bus low profile gpu lp gpu HDMI DP port,SR165D5LP4G1DH,225.95,Free Shipping,399.0,,GTX 1600,,Entry-level (<$500)
https://c1.neweggimages.com/productimage/nb300/ADFRD201109QI4CF.jpg,,,GIGABYTE,REFURBISHED Gigabyte GeForce GTX 1070 Windforce Triple Fan 8GB GDDR5 GV-N1070WF3-8GD Video Graphic Card GPU,GV-N1070WF3-8GD-R,149.99,Free Shipping,,8.0,GTX 1000,18.75,Entry-level (<$500)
https://c1.neweggimages.com/productimage/nb300/BF9VS221123141H4Q27.jpg,4.7,3.0,NVIDIA,NVIDIA GeForce RTX 3090 Founders Edition Graphics Card 24GB GDDR6X - Titanium and Black,900-1G136-2510-000,1935.0,Free Shipping,,24.0,RTX 3000,80.62,High-end (>$1200)
https://c1.neweggimages.com/productimage/nb300/B9ZZS240125165H9V62.jpg,,,NVIDIA,NVIDIA GeForce RTX 4070 SUPER Founders Edition Graphics Card 12GB GDDR6X - Titanium and Black,900-1G141-2534-000,1011.43,$29.99 Shipping,1149.99,12.0,RTX 4000,84.29,Mid-range ($500-1200)
https://c1.neweggimages.com/productimage/nb300/APMXS2308190UJE2M4F.jpg,,,ASUS,REFURBISHED ASUS GeForce RTX 3080 Ti TUF 12GB GDDR6X TUF-RTX3080TI-12G-GAMING Video Graphic Card GPU,TUF-3080TI-12G-G-R,599.99,Free Shipping,,12.0,RTX 3000,50.0,Mid-range ($500-1200)
https://c1.neweggimages.com/productimage/nb300/AZUES250607055SG012.jpg,,,Yeston,Yeston Sakura Radeon RX 9070 16G GDDR6 256bit 4nm Desktop computer PC Video Graphics Cards support PCI-Express 5.0 3*DP+1*HDMI-compatible ARGB graphics card Sakura,RX-9070-16D6-SOA,719.0,Free Shipping,,,RX 9000,,Mid-range ($500-1200)
https://c1.neweggimages.com/productimage/nb300/BP4YS25051803AMT33A.jpg,,,ASUS,"ASUS ROG Strix GeForce RTX 4090 OC Edition Gaming Graphics Card (PCIe 4.0, 24GB GDDR6X, HDMI 2.1a, DisplayPort 1.4a) ROG-STRIX-RTX4090-O24G-GAMING",ROG-STRIX-RTX4090-O24G-GAMING OC,3765.0,Free Shipping,,24.0,RTX 4000,156.88,High-end (>$1200)
https://c1.neweggimages.com/productimage/nb300/14-932-617-01.jpg,4.7,76.0,GIGABYTE,"GIGABYTE GeForce RTX 4060 Ti AERO OC 8G Graphics Card, 3x WINDFORCE Fans, 8GB 128-bit GDDR6, GV-N406TAERO OC-8GD Video Card",GV-N406TAERO OC-8GD,678.99,Free Shipping,,8.0,RTX 4000,84.87,Mid-range ($500-1200)
https://c1.neweggimages.com/productimage/nb300/C0JHS26052908BVKV9F.jpg,,,SongryVGA,"SongryVGA RTX 3050 6GB Low Profile Graphics Card,GDDR6 92-bit PCIe 4.0 x16 HDMIx2 Outputs Compatible with SFF/Thin ITX/HTPC PC",RTX 3050 6GB 2H,299.85,Free Shipping,335.2,6.0,RTX 3000,49.98,Entry-level (<$500)
https://c1.neweggimages.com/productimage/nb300/C0JHS2508200LIN7N2C.jpg,3.0,2.0,SongryVGA,SongryVGA GT 730 Low Profile Graphics Card 4GB GDDR3 128-bit 2x HDMI Outputs,GT 730 4G 2H,44.95,Free Shipping,52.99,4.0,Other,11.24,Entry-level (<$500)
https://c1.neweggimages.com/productimage/nb300/14-500-632-01.jpg,,,ZOTAC,ZOTAC Twin Edge OC White Edition GeForce RTX 5060 Ti 16GB GDDR7 PCI Express 5.0 x8 ATX Graphics Card ZOTAC GAMING GeForce RTX 5060 Ti 16GB Twin Edge OC White Edition ZT-B50620Q-10M,ZT-B50620Q-10M,849.99,Free Shipping,,16.0,RTX 5000,53.12,Mid-range ($500-1200)
https://c1.neweggimages.com/productimage/nb300/BJXUD2506120519D650.jpg,,,SRhonyra,SRhonyra GTX 1660 Ti 6GB Graphics Card GDDR6 192 Bit PCI-e 3.0 x16 4 Monitors Video Card Support DirectX 12 OpenGL 4.5 HDMI and 3*DisplayPort 1.4a,SR166TD6M6G1,199.95,Free Shipping,339.99,6.0,GTX 1600,33.32,Entry-level (<$500)
https://c1.neweggimages.com/productimage/nb300/14-930-052-02.jpg,,,ASRock,"REFURBISHED ASRock Radeon RX 6900 XT PHANTOM GAMING D Graphics Card 16GB GDDR6, AMD RDNA2 (RX6900XT PGD 16GO)",RX6900XT PGD 16GO,449.99,Free Shipping,,16.0,RX 6000,28.12,Entry-level (<$500)
https://c1.neweggimages.com/productimage/nb300/ASGMS2405310EVQ6N2D.jpg,,,ASUS,ASUS GeForce GT 710 GT710-SL-2GD5-BRK-EVO 2GB DDR5 Video Card,90YV0ALA-M0CA00,68.99,Free Shipping,,2.0,Other,34.49,Entry-level (<$500)
https://c1.neweggimages.com/productimage/nb300/14-126-777-10.png,4.6,251.0,ASUS,ASUS ROG Strix GeForce RTX 5070 Ti OC Edition 16GB 256-Bit GDDR7 PCI Express 5.0 DLSS 4.0 Graphics Card ROG-STRIX-RTX5070TI-O16G-GAMING,ROG-STRIX-RTX5070TI-O16G-GAMING,1549.0,Free Shipping,,16.0,RTX 5000,96.81,High-end (>$1200)
https://c1.neweggimages.com/productimage/nb300/14-930-063-01.jpg,,,ASRock,REFURBISHED ASRock Challenger D Radeon RX 6600 XT 8GB GDDR6 PCI Express 4.0 Graphics Card RX6600XT CLD 8GO,RX6600XT CLD 8GO,220.48,$60.00 Shipping,250.48,8.0,RX 6000,27.56,Entry-level (<$500)
https://c1.neweggimages.com/productimage/nb300/C0JHS260529083WJ08E.jpg,,,SongryVGA,SongryVGA GTX 1060 3GB Low Profile Graphics Card GDDR5 192-bit PCIe 3.0 x16 HDMI DP For SFF Thin ITX HTPC Mini Desktop,GTX 1060 3GB DH,125.95,Free Shipping,149.99,3.0,GTX 1000,41.98,Entry-level (<$500)
https://c1.neweggimages.com/productimage/nb300/B9ZZS240207175OZF30.jpg,5.0,1.0,NVIDIA,NVIDIA GeForce RTX 4080 SUPER Founders Edition Graphics Card 16GB GDDR6X - Titanium and Black,900-1G136-2555-000,1950.0,Free Shipping,,16.0,RTX 4000,121.88,High-end (>$1200)
https://c1.neweggimages.com/productimage/nb300/14-137-836-01.png,4.9,26.0,MSI,MSI Gaming GeForce RTX 4060 Ti 16GB GDDR6 PCI Express 4.0 x8 ATX Graphics Card RTX 4060 TI GAMING X SLIM 16G,RTX 4060 TI GAMING X SLIM 16G,808.01,Free Shipping,,16.0,RTX 4000,50.5,Mid-range ($500-1200)
https://c1.neweggimages.com/productimage/nb300/ADZJS220606K7DRR.jpg,,,NVIDIA,NVIDIA T600 - Graphics card - T600 - 4 GB GDDR6 - PCIe 3.0 x16 low profile - 4 x Mini DisplayPort,VCNT600-PB__,219.0,Free Shipping,,4.0,Other,54.75,Entry-level (<$500)
https://c1.neweggimages.com/productimage/nb300/BF3CS260305067KX3AA.jpg,,,Peladn,Peladn Gaming RTX 3050 8G Graphics Card GDDR6 PCI Express 4.0 Video Card Single-fan Edition,6972410027240,229.0,Free Shipping,,,RTX 3000,,Entry-level (<$500)
https://c1.neweggimages.com/productimage/nb300/14-126-792-01.png,4.8,61.0,ASUS,ASUS TUF Gaming GeForce RTX 5060 Ti 8GB 128-Bit GDDR7 DLSS 4.0 Graphics Card TUF-RTX5060TI-O8G-GAMING,TUF-RTX5060TI-O8G-GAMING,679.99,Free Shipping,,8.0,RTX 5000,85.0,Mid-range ($500-1200)
https://c1.neweggimages.com/productimage/nb300/14-500-626-02.jpg,5.0,1.0,ZOTAC,ZOTAC Twin Edge OC GeForce RTX 5050 8GB GDDR6 PCI Express 5.0 x8 ATX Graphics Card GeForce RTX 5050 Twin Edge OC ZT-B50500H-10M,ZT-B50500H-10M,464.99,,,8.0,RTX 5000,58.12,Entry-level (<$500)
https://c1.neweggimages.com/productimage/nb300/AJEPS2604091CB97755.jpg,,,MSI,REFURBISHED MSI Ventus GeForce RTX 4070 Ti SUPER 16GB GDDR6X PCI Express 4.0 ATX Graphics Card RTX 4070 Ti SUPER 16G VENTUS 2X WHITE OC,RTX 4070 Ti SUPER 16G VENTUS 2X WHITE OC,899.99,,,16.0,RTX 4000,56.25,Mid-range ($500-1200)
https://c1.neweggimages.com/productimage/nb300/C0JHS2601070HVGVY46.jpg,5.0,1.0,SongryVGA,SongryVGA GTX 1050 4GB Graphics Card GDDR5 128-bit PCIe 3.0 x16 HDMI DP DVI 1080p Gaming Desktop GPU,GTX 1050 4G GM,97.95,Free Shipping,116.99,4.0,GTX 1000,24.49,Entry-level (<$500)
https://c1.neweggimages.com/productimage/nb300/BP4YS250326072YRT82.jpg,,,ASUS,ASUS Dual GeForce RTX 3060 Graphics Card DUAL-RTX3060-O12G-V2,ASUS DUAL-RTX3060-O12G-V2 NEW,479.99,Free Shipping,489.99,,RTX 3000,,Entry-level (<$500)
https://c1.neweggimages.com/productimage/nb300/14-131-776-V01.jpg,,,PowerColor,"REFURBISHED PowerColor Red Devil AMD Radeon RX 6900 XT Gaming Graphics Card with 16GB GDDR6 Memory, Powered by AMD RDNA 2, Raytracing, PCI Express 4.0, HDMI 2.1, AMD Infinity Cache, AXRX 6900XT 16GBD6-3DHE/OC",6900XT 16GBD6-3DHE/O,469.99,Free Shipping,,16.0,RX 6000,29.37,Entry-level (<$500)
https://c1.neweggimages.com/productimage/nb300/14-126-801-12.png,4.6,51.0,ASUS,ASUS PRIME GeForce RTX 5060 8GB GDDR7 PCI Express 5.0 x8 Graphics Card PRIME-RTX5060-O8G,PRIME-RTX5060-O8G,539.99,Free Shipping,,8.0,RTX 5000,67.5,Mid-range ($500-1200)
https://c1.neweggimages.com/productimage/nb300/14-126-737-01.png,4.7,176.0,ASUS,ASUS Dual GeForce RTX 4070 12GB GDDR6 PCI Express 4.0 ATX Graphics Card DUAL-RTX4070-O12GD6-EVO 12GB GDDR6,DUAL-RTX4070-O12GD6-EVO,738.0,Free Shipping,,12.0,RTX 4000,61.5,Mid-range ($500-1200)
https://c1.neweggimages.com/productimage/nb300/14-126-711-02.png,4.0,1.0,ASUS,"REFURBISHED ASUS Dual GeForce RTX 4070 SUPER EVO OC Edition 12GB GDDR6X (PCIe 4.0, 12GB GDDR6X, DLSS 3, HDMI 2.1a, DisplayPort 1.4a, 2.5-slot design, Axial-tech fan design, 0dB technology) DUAL-RTX4070S-O12G-EVO",DUAL-RTX4070S-O12G-EVO,499.99,Free Shipping,,12.0,RTX 4000,41.67,Entry-level (<$500)
https://c1.neweggimages.com/productimage/nb300/BP4YS2503080J57G9C6.jpg,,,Sapphire Tech,"SAPPHIRE Tech PURE Radeon RX 7900 XT 20GB OC Gaming Graphics Card, RDNA 3, 20 Gbps, PCIe 4.0, GDDR6, HDMI 4K, DisplayPort 2.1a, Dual Ball Bearing Fans, Digital Power Design, WHITE",PURE 7900XT,899.0,Free Shipping,,20.0,RX 7000,44.95,Mid-range ($500-1200)
https://c1.neweggimages.com/productimage/nb300/14-126-704-08.png,4.7,103.0,ASUS,"ASUS ProArt GeForce RTX 4080 SUPER OC Edition Graphics Card (PCIe 4.0, 16GB GDDR6X, DLSS 3, HDMI 2.1a, DisplayPort 1.4a) PROART-RTX4080S-O16G",PROART-RTX4080S-O16G,1745.0,Free Shipping,,16.0,RTX 4000,109.06,High-end (>$1200)
https://c1.neweggimages.com/productimage/nb300/BP4YS2604080FHOZE88.jpg,,,ASUS,"ASUS TUF Gaming Radeon RX 7900 XTX, 24GB GDDR6 Graphics Card (PCIe 4.0, 24GB GDDR6, HDMI 2.1a, DisplayPort 2.1),TUF-RX7900XTX-O24G-GAMING",TUF-RX7900XTX-O24G-GAMING-2,1499.99,Free Shipping,,24.0,RX 7000,62.5,High-end (>$1200)
https://c1.neweggimages.com/productimage/nb300/AAJ2D2503111COE0SED.jpg,,,NVIDIA,REFURBISHED HPE NVIDIA Tesla P100 16GB HBM2 PCIe Full Height L-Bracket GPU Accelerator 868199-001 868585-001 900-2H400-0300-031,868199-001-L,96.99,Free Shipping,,16.0,Other,6.06,Entry-level (<$500)
https://c1.neweggimages.com/productimage/nb300/BJXUS2412180FPI3R8A.jpg,,,SRhonyra,SRhonyra GeForce GTX 1050Ti 4GB Graphics Card GDDR5 128 Bit PCIe 3.0 x16 Bus Powered DP+HDMI+DVI Ports Gaming GPU,SR105TD5M4G1,134.59,Free Shipping,199.99,4.0,GTX 1000,33.65,Entry-level (<$500)
https://c1.neweggimages.com/productimage/nb300/AGKCD2204110P2JAS00.jpg,,,ASUS,REFURBISHED ASUS TUF-RTX3070TI-O8G-GAMING TUF Gaming GeForce RTX 3070 Ti Video Card,TUF-RTX3070TI-O8G-GASNRFB,399.99,,,,RTX 3000,,Entry-level (<$500)
https://c1.neweggimages.com/productimage/nb300/C0JHS260529080TCZ8E.jpg,4.0,1.0,SongryVGA,SongryVGA GTX 1050 4GB Low Profile Graphics Card GDDR5 128-bit PCIe 3.0 x16 HDMI DP HDCP 2.2 For SFF Thin ITX HTPC Desktop PC,GTX 1050 4GB HDMI+DP Ports,135.85,Free Shipping,162.99,4.0,GTX 1000,33.96,Entry-level (<$500)
https://c1.neweggimages.com/productimage/nb300/14-126-455-01.jpg,5.0,12.0,ASUS,USED - LIKE NEW ASUS TUF Gaming GeForce RTX 3090 TUF-RTX3090-24G-GAMING Video Card,TUF-RTX3090-24G-GAMI,1860.0,$60.00 Shipping,,,RTX 3000,,High-end (>$1200)
https://c1.neweggimages.com/productimage/nb300/AGKCD2204110OFY4MCA.jpg,,,ASUS,REFURBISHED ASUS Dual Radeon RX 6600 XT 8GB GDDR6 PCI Express 4.0 CrossFireX Support ATX Video Card DUAL-RX6600XT-O8G,ASUSDual6600XTSNRFB,299.0,$60.00 Shipping,,8.0,RX 6000,37.38,Entry-level (<$500)
https://c1.neweggimages.com/productimage/nb300/14-932-306-S01.jpg,5.0,2.0,GIGABYTE,REFURBISHED GIGABYTE AORUS Radeon RX 5700 XT 8GB GDDR6 PCI Express 4.0 x16 ATX Graphics Card GV-R57XTAORUS-8GD,GV-R57XTAORUS-8GD,329.0,$60.00 Shipping,,8.0,Other,41.12,Entry-level (<$500)
https://c1.neweggimages.com/productimage/nb300/C0JHS2605290829AM8E.jpg,,,SongryVGA,"SongryVGA GTX 1650 4GB Low Profile Graphics Card,GDDR5 128-bit PCIe 3.0,HDMI & DisplayPort for SFF/Thin ITX/HTPC PC",GTX 1650 4GB DH,223.85,Free Shipping,270.88,4.0,GTX 1600,55.96,Entry-level (<$500)
https://c1.neweggimages.com/productimage/nb300/BP4YS2506070EK6EX53.jpg,5.0,1.0,NVIDIA,"NVIDIA T1000 8GB Professional Graphics Card, Industrial Package, GDDR6 Memory, 1250MHz, 128-bit, Bandwidth 160GB/s, Single slot design, Ultra-thin and light",T1000 8GB,408.72,$29.99 Shipping,,8.0,Other,51.09,Entry-level (<$500)
https://c1.neweggimages.com/productimage/nb300/14-487-247-S99.jpg,4.5,1.0,EVGA,"EVGA GeForce GTX 1070 Founders Edition, 08G-P4-6170-KR, 8GB GDDR5, LED, DX12 OSD Support (PXOC)",08G-P4-6170-KR,269.0,Free Shipping,,8.0,GTX 1000,33.62,Entry-level (<$500)
https://c1.neweggimages.com/productimage/nb300/BP4YS2503080JGQRHDC.jpg,5.0,2.0,Sapphire Tech,SAPPHIRE Tech NITRO+ Radeon RX 7900 XTX 24GB GDDR6 PCI Express 4.0 x16 ATX Video Card 11322-01-40G,NITRO+ 7900XTX,1297.5,Free Shipping,,24.0,RX 7000,54.06,High-end (>$1200)
https://c1.neweggimages.com/productimage/nb300/AZG4S210914REtdm.jpg,4.6,53.0,GIGABYTE,"GIGABYTE GeForce GT 1030 Low Profile 2GB, GV-N1030D5-2GL",GV-N1030D5-2GL,248.0,Free Shipping,,2.0,Other,124.0,Entry-level (<$500)
https://c1.neweggimages.com/productimage/nb300/14-930-056-01.jpg,4.4,391.0,ASRock,"ASRock Radeon RX 6700 XT Challenger D Gaming Graphic Card, 12GB GDDR6 VRAM, AMD RDNA2 (RX6700XT CLD 12G)",RX6700XT CLD 12G,776.0,Free Shipping,,12.0,RX 6000,64.67,Mid-range ($500-1200)
https://c1.neweggimages.com/productimage/nb300/AZUES221101oznXB.jpg,5.0,1.0,Yeston,Yeston GeForce GTX 1050 Ti 4GB GDDR5 Graphics cards pci express x16 3.0 video cards Desktop computer PC video gaming graphics card,GTX1050TI-4G D5 GF,159.0,Free Shipping,,4.0,GTX 1000,39.75,Entry-level (<$500)
https://c1.neweggimages.com/productimage/nb300/14-126-665-V02.jpg,4.8,106.0,ASUS,"ASUS Dual GeForce RTX 4060 OC Edition 8GB GDDR6 (PCIe 4.0, 8GB GDDR6, DLSS 3, HDMI 2.1a, DisplayPort 1.4a, 2.5-slot design, Axial-tech fan design, 0dB technology) DUAL-RTX4060-O8G",DUAL-RTX4060-O8G,542.0,Free Shipping,,8.0,RTX 4000,67.75,Mid-range ($500-1200)
https://c1.neweggimages.com/productimage/nb300/BP4YS25030804SF4S57.jpg,,,Sapphire Tech,SAPPHIRE Tech PURE Radeon RX 7700 XT 12GB GDDR6 PCI Express 4.0 x16 Video Card 11335-03-20G,PURE 7700XT,599.0,Free Shipping,,12.0,RX 7000,49.92,Mid-range ($500-1200)
https://c1.neweggimages.com/productimage/nb300/A24GD2503280C69S31E.jpg,5.0,1.0,Lenovo,Lenovo NVIDIA RTX A400 Graphic Card - 4 GB GDDR6 - 4 x Mini DisplayPort - Mini DisplayPort,4X61Q73040,213.56,Free Shipping,,4.0,Other,53.39,Entry-level (<$500)
https://c1.neweggimages.com/productimage/nb300/14-126-745-01.png,4.6,78.0,ASUS,ASUS TUF Gaming Radeon RX 9070 XT 16GB 256-Bit GDDR6 PCI Express 5.0 RDNA 4 Graphics Card TUF-RX9070XT-O16G-GAMING,TUF-RX9070XT-O16G-GAMING,1218.9,Free Shipping,,16.0,RX 9000,76.18,High-end (>$1200)
https://c1.neweggimages.com/productimage/nb300/14-932-555-25.jpg,4.7,434.0,GIGABYTE,GIGABYTE AORUS GeForce RTX 4090 24GB GDDR6X PCI Express 4.0 x16 ATX Graphics Card GV-N4090AORUS M-24GD,GV-N4090AORUS M-24GD,3479.0,Free Shipping,,24.0,RTX 4000,144.96,High-end (>$1200)
https://c1.neweggimages.com/productimage/nb300/BJXUS2602090HWNZR04.jpg,4.0,1.0,SRhonyra,"SRhonyra RTX 3060 Low Profile Graphics Card, 12GB 192-bit GDDR6, DisplayPort and HDMI Outputs, PCIe 4.0 x16, capable of local AI, AI Computing, running 7B-13B LLMs",SR306D6LP12G1,495.59,Free Shipping,799.99,12.0,RTX 3000,41.3,Entry-level (<$500)
https://c1.neweggimages.com/productimage/nb300/14-125-844-01.jpg,4.0,11.0,GIGABYTE,GIGABYTE GeForce GT 710 2GB DDR3 PCI Express 2.0 x8 Low Profile Graphics Card GV-N710D3-2GL 1.0,GV-N710D3-2GL 1.0,65.0,Free Shipping,,2.0,Other,32.5,Entry-level (<$500)
https://c1.neweggimages.com/productimage/nb300/BJXUS23033006PJGG28.jpg,5.0,1.0,SRhonyra,SRhonyra GeForce GTX 1050 ti low profile video card 4G GDDR5 supper compact PCI Express 3.0 x16 Single Slot Powered by PCI bus HDMI DP port low profile gpu lp gpu,SR105TD5LP4G1,172.0,Free Shipping,299.0,,GTX 1000,,Entry-level (<$500)
https://c1.neweggimages.com/productimage/nb300/14-932-752-05.jpg,4.5,237.0,GIGABYTE,GIGABYTE Gaming Radeon RX 9070 16GB GDDR6 PCI Express 5.0 x16 Graphics Card GV-R9070GAMING-16GD,GV-R9070GAMING-16GD,989.0,Free Shipping,,16.0,RX 9000,61.81,Mid-range ($500-1200)
https://c1.neweggimages.com/productimage/nb300/14-137-925-26.jpg,4.6,393.0,MSI,MSI INSPIRE GeForce RTX 5070 Ti 16GB GDDR7 PCI Express 5.0 Graphics Card RTX 5070 Ti 16G INSPIRE 3X OC PLUS,RTX 5070 Ti 16G INSPIRE 3X OC PLUS,1449.99,Free Shipping,,16.0,RTX 5000,90.62,High-end (>$1200)
https://c1.neweggimages.com/productimage/nb300/14-930-066-07.jpg,4.6,532.0,ASRock,ASRock Radeon RX 6600 Challenger D 8GB GDDR6 PCI Express 4.0 Graphics Card RX6600 CLD 8G,RX6600 CLD 8G,445.0,Free Shipping,,8.0,RX 6000,55.62,Entry-level (<$500)
https://c1.neweggimages.com/productimage/nb300/14-500-520-V01.jpg,,,ZOTAC,REFURBISHED ZOTAC TRINITY OC LHR GeForce RTX 3080 10GB GDDR6X PCI Express 4.0 Graphics Card ZT-A30800J-10PLHR,ZT-A30800J-10PLHR,379.99,Free Shipping,,10.0,RTX 3000,38.0,Entry-level (<$500)
https://c1.neweggimages.com/productimage/nb300/14-932-630-17.jpg,4.7,119.0,GIGABYTE,"GIGABYTE GeForce RTX 4060 WINDFORCE OC 8G Graphics Card, 2x WINDFORCE Fans, 8GB 128-bit GDDR6, GV-N4060WF2OC-8GD Video Card",GV-N4060WF2OC-8GD,564.9,Free Shipping,,8.0,RTX 4000,70.61,Mid-range ($500-1200)
https://c1.neweggimages.com/productimage/nb300/14-126-599-61.jpg,4.7,713.0,ASUS,"ASUS TUF Gaming GeForce RTX 4080 Gaming Graphics Card (PCIe 4.0, 16GB GDDR6X, HDMI 2.1a, DisplayPort 1.4a) TUF-RTX4080-16G-GAMING",TUF-RTX4080-16G-GAMING,1542.0,Free Shipping,1819.99,16.0,RTX 4000,96.38,High-end (>$1200)
https://c1.neweggimages.com/productimage/nb300/BZDCS2504080D2K0SD6.jpg,,,ZER,"ZER LON GeForce GTX 1660 Super 6GB Graphics Cards, GDRR6 192Bit PCIE 3.0X16 Computer Gaming Gpu, Dual Freeze Fans Video Card with HDMI/DP/DVI Ports Support 4K and 8K HD",ZL-GTX 1660S 6G,194.99,Free Shipping,299.99,6.0,GTX 1600,32.5,Entry-level (<$500)
https://c1.neweggimages.com/productimage/nb300/14-202-453-01.png,4.6,43.0,Sapphire Tech,SAPPHIRE PULSE Radeon RX 9070 16GB GDDR6 PCI Express 5.0 x16 ATX Graphics Card 11349-03-20G,11349-03-20G,899.0,Free Shipping,,16.0,RX 9000,56.19,Mid-range ($500-1200)
https://c1.neweggimages.com/productimage/nb300/14-131-874-01.png,,,PowerColor,OPEN BOX PowerColor Reaper Radeon RX 9070 16GB 256-Bit GDDR6 PCI Express 5.0 RDNA 4 Graphics Card RX9070 16G-A,RX9070 16G-A,649.99,Free Shipping,,16.0,RX 9000,40.62,Mid-range ($500-1200)
https://c1.neweggimages.com/productimage/nb300/14-137-911-07.jpg,4.5,248.0,MSI,MSI INSPIRE GeForce RTX 5080 16GB GDDR7 PCI Express 5.0 Graphics Card RTX 5080 16G INSPIRE 3X OC,RTX 5080 16G INSPIRE 3X OC,1449.99,Free Shipping,,16.0,RTX 5000,90.62,High-end (>$1200)
https://c1.neweggimages.com/productimage/nb300/ADZG_1_20190806968845122.jpg,,,Lenovo,GRAPHIC_BO TS NVIDIA QUADRO P620 LP,4X60R60469,80.0,Free Shipping,,,Other,,Entry-level (<$500)
https://c1.neweggimages.com/productimage/nb300/V296S230207c6QJf.jpg,,,GIGABYTE,GIGABYTE RTX 3090 GV-N3090TURBO-24GD GDDR6X HDMI \ DP PCI-E Graphic Card,1.GV-N3090TURBO-24GD,1749.0,Free Shipping,,,RTX 3000,,High-end (>$1200)
https://c1.neweggimages.com/productimage/nb300/BP4YS2502201B371WDC.jpg,5.0,3.0,Sapphire Tech,"SAPPHIRE Tech NITRO+ Radeon RX 7900 XTX OC 24GB Graphics Card, 384 bit GDDR6G PCI-Express 4.0 x16 ATX Video Card, RDNA 3 Architecture, vapor-X, for deepseek, ai model, silver",SAPPHIRE NITRO+ Radeon RX 7900 XTX,1356.06,Free Shipping,,24.0,RX 7000,56.5,High-end (>$1200)
https://c1.neweggimages.com/productimage/nb300/14-126-616-01.jpg,4.6,310.0,ASUS,"ASUS ROG Strix GeForce RTX 4090 White OC Edition Gaming Graphics Card (PCIe 4.0, 24GB GDDR6X, HDMI 2.1a, DisplayPort 1.4a) ROG-STRIX-RTX4090-O24G-WHITE",ROG-STRIX-RTX4090-O24G-WHITE,3895.0,Free Shipping,,24.0,RTX 4000,162.29,High-end (>$1200)
https://c1.neweggimages.com/productimage/nb300/BJXUS2411290GAFVH4F.jpg,1.0,1.0,SRhonyra,SRhonyra GTX 1050 4GB Graphics Card GDDR5 128 Bit PCIe 3.0 x16 Bus Powered DP+HDMI+DVI Ports Gaming Video Card Dual Width GPU for Tower PC Case,SR105D5M4G1,99.59,Free Shipping,119.5,4.0,GTX 1000,24.9,Entry-level (<$500)
https://c1.neweggimages.com/productimage/nb300/14-131-798-V08.jpg,4.0,3.0,PowerColor,REFURBISHED PowerColor RED DEVIL Radeon RX 6950 XT 16GB GDDR6 PCI Express 4.0 ATX Graphics Card AXRX 6950XT 16GBD6-3DHE/OC,AXRX 6950XT 16GBD6-3DHE/OC,489.99,Free Shipping,,16.0,RX 6000,30.62,Entry-level (<$500)
https://c1.neweggimages.com/productimage/nb300/BP4YS2504181FDDAZ41.jpg,,,Sapphire Tech,SAPPHIRE Tech PULSE Radeon RX 9070 XT 16GB GDDR6 PCI Express 5.0 x16 ATX Graphics Card 11348-03-20G,SAPPHIRE PULSE Radeon RX 9070 XT 16GB,799.0,Free Shipping,,16.0,RX 9000,49.94,Mid-range ($500-1200)
https://c1.neweggimages.com/productimage/nb300/14-132-098-01.jpg,5.0,1.0,NVIDIA,NVIDIA GeForce RTX 3080 Founders Edition Graphics Card 10GB GDDR6X - Titanium and Black,900-1G133-2530-000,706.56,Free Shipping,,10.0,RTX 3000,70.66,Mid-range ($500-1200)
https://c1.neweggimages.com/productimage/nb300/AJEPS26070205DN441A.jpg,,,ASUS,REFURBISHED ASUS PRIME GeForce RTX 5080 16GB 256-Bit GDDR7 PCI-Express 5.0 DLSS 4.0 Graphics Card PRIME-RTX5080-16G,PRIME-RTX5080-16G,1449.99,,,16.0,RTX 5000,90.62,High-end (>$1200)
https://c1.neweggimages.com/productimage/nb300/14-126-203-V05.jpg,4.5,44.0,ASUS,ASUS GeForce GT 1030 2GB GDDR5 HDMI DVI Graphics Card (GT1030-2G-CSM),GT1030-2G-CSM,108.0,Free Shipping,,2.0,Other,54.0,Entry-level (<$500)
https://c1.neweggimages.com/productimage/nb300/B1AHS221107073TMR4E.jpg,4.3,6.0,NVIDIA,NVIDIA GeForce RTX 4090 Founders Edition Graphics Card 24GB GDDR6X - Titanium and Black,900-1G136-2530-000,3699.0,Free Shipping,,24.0,RTX 4000,154.12,High-end (>$1200)
https://c1.neweggimages.com/productimage/nb300/BP4YS25070104N0F82B.jpg,,,ASUS,"ASUS Dual AMD Radeon RX 6500 XT Edition 4GB GDDR6 Gaming Graphics Card (AMD RDNA 2, PCIe 4.0, 4GB GDDR6 Memory, HDMI 2.1, DisplayPort 1.4a, Axial-tech Fan Design, 0dB Technology) DUAL-RX6500XT-4G",DUAL-RX6500XT-4G,299.99,Free Shipping,,4.0,RX 6000,75.0,Entry-level (<$500)
https://c1.neweggimages.com/productimage/nb300/14-126-820-01.png,4.7,173.0,ASUS,ASUS ROG Astral GeForce RTX 5080 16GB GDDR7 OC HATSUNE MIKU EDITION PCI Express 5.0 x16 Graphics Card ROG-ASTRAL-RTX5080-O16G-MIKU-W,ROG-ASTRAL-RTX5080-O16G-MIKU-W,3290.43,Free Shipping,3499.0,16.0,RTX 5000,205.65,High-end (>$1200)
https://c1.neweggimages.com/productimage/nb300/C0JHS2508200LU4G948.jpg,,,SongryVGA,"SongryVGA GT 1030 2GB Low Profile Graphics Card,GDDR5 64-Bit Low Profile Graphics Card Dual HDMI 4K PCIe 3.0 DirectX 12 For SFF/Thin ITX/HTPC PC",GT 1030 2G D5 2H,105.85,Free Shipping,145.95,2.0,Other,52.92,Entry-level (<$500)
https://c1.neweggimages.com/productimage/nb300/C0JHS25091311UDQEF6.jpg,,,SongryVGA,SongryVGA GTX 1660 Super 6GB Graphics Card GDDR6 192-bit PCIe 3.0 x16 8-Pin Power Triple DP HDMI 4K Gaming Multi Monitor Desktop PC,GTX 1660S 6GB GM,199.85,Free Shipping,236.99,6.0,GTX 1600,33.31,Entry-level (<$500)
https://c1.neweggimages.com/productimage/nb300/BP4YS25060703D42P96.jpg,5.0,1.0,NVIDIA,"NVIDIA Quadro T400 4GB Graphics Card, Boxed Package, GDDR6 Memory, 250MHz, 64-bit, Bandwidth 80GB/s, PCIe3.0x16 low profile 3x Mini DisplayPort, Entry-level Professional Rendering",NVIDIA T400 4GB Boxed,279.0,Free Shipping,,4.0,Other,69.75,Entry-level (<$500)
https://c1.neweggimages.com/productimage/nb300/14-137-529-V02.jpg,4.5,176.0,MSI,MSI Ventus GeForce GTX 1650 4GB GDDR6 PCI Express 3.0 x16 Graphics Card GTX 1650 D6 Ventus XS OC,GTX 1650 D6 Ventus XS OC,299.0,Free Shipping,,4.0,GTX 1600,74.75,Entry-level (<$500)
https://c1.neweggimages.com/productimage/nb300/14-137-943-01.jpg,4.7,210.0,MSI,MSI Ventus GeForce RTX 5070 12GB GDDR7 PCI Express 5.0 ATX Graphics Card RTX 5070 12G VENTUS 2X OC,RTX 5070 12G VENTUS 2X OC,1399.0,Free Shipping,,12.0,RTX 5000,116.58,High-end (>$1200)
https://c1.neweggimages.com/productimage/nb300/AGBAS2310050KSPBOAA.jpg,,,PNY,PNY RTX A4000 16G GDDR6 PCIE OEM VCNRTXA4000-SB Graphic Card OEM,1.VCNRTXA4000-SB,1298.0,Free Shipping,,,Other,,High-end (>$1200)
https://c1.neweggimages.com/productimage/nb300/14-932-799-15.jpg,4.4,48.0,GIGABYTE,GIGABYTE AERO GeForce RTX 5060 8GB GDDR7 PCI Express 5.0 Graphics Card GV-N5060AERO OC-8GD,GV-N5060AERO OC-8GD,620.9,Free Shipping,,8.0,RTX 5000,77.61,Mid-range ($500-1200)
https://c1.neweggimages.com/productimage/nb300/14-137-924-19.jpg,4.6,393.0,MSI,MSI Gaming GeForce RTX 5070 Ti 16GB GDDR7 PCI Express 5.0 Graphics Card RTX 5070 Ti 16G GAMING TRIO OC PLUS,RTX 5070 Ti 16G GAMING TRIO OC PLUS,1397.99,Free Shipping,1459.98,16.0,RTX 5000,87.37,High-end (>$1200)
https://c1.neweggimages.com/productimage/nb300/14-487-524-V01.jpg,4.5,14.0,EVGA,"EVGA GeForce RTX 3090 XC3 ULTRA GAMING Video Card, 24G-P5-3975-KR, 24GB GDDR6X, iCX3 Cooling, ARGB LED, Metal Backplate",24G-P5-3975-KR,2099.0,Free Shipping,,24.0,RTX 3000,87.46,High-end (>$1200)
https://c1.neweggimages.com/productimage/nb300/AGKCS2502240TTQL27B.jpg,5.0,1.0,MSI,"MSI NVIDIA GeForce RTX 4070 Ti SUPER 16G VENTUS 3X BLACK OC 256-Bit 16GB GDDR6X PCI-Express 4.0, DLSS 3 Graphics Card",RTX 4070 Ti SUPER 16G VENTUS 3X BLACK OC,1314.35,Free Shipping,,16.0,RTX 4000,82.15,High-end (>$1200)
https://c1.neweggimages.com/productimage/nb300/A4YUD22052509UKLEB6.jpg,,,PNY,PNY NVIDIA RTX A4500 20GB GDDR6 Professional Graphics Card,VCNRTXA4500-SB,1495.0,Free Shipping,,20.0,Other,74.75,High-end (>$1200)
https://c1.neweggimages.com/productimage/nb300/14-500-563-09.jpg,4.6,43.0,ZOTAC,"ZOTAC GAMING GeForce RTX 4060 Ti 8GB Twin Edge OC White Edition DLSS 3 8GB GDDR6 128-bit 18 Gbps PCIE 4.0 Compact Graphics Card, IceStorm 2.0 Advanced Cooling, SPECTRA RGB Lighting, ZT-D40610Q-10M",ZT-D40610Q-10M,499.0,Free Shipping,,8.0,RTX 4000,62.38,Entry-level (<$500)
https://c1.neweggimages.com/productimage/nb300/APBUS2208170KMSJ8C7.jpg,,,AMD,"AMD RADEON RX 6700 XT Graphics Card, 7nm AMD RDNA2 12GB GDDR6 192-bit AMD Reference Card, PCIE 4.0 HDMI DP 1.4a Video Card",AMD RX 6700 XT,754.0,Free Shipping,,12.0,RX 6000,62.83,Mid-range ($500-1200)
https://c1.neweggimages.com/productimage/nb300/ADFRD25090812GSATA6.jpg,,,ZOTAC,REFURBISHED ZOTAC GeForce RTX 4070 Ti SUPER SOLID OC 16GB GDDR6X Video Graphics Card,ZT-D40730RC-10P,849.99,,,16.0,RTX 4000,53.12,Mid-range ($500-1200)
https://c1.neweggimages.com/productimage/nb300/14-125-816-01.jpg,,,GIGABYTE,REFURBISHED GIGABYTE GeForce GT 730 2GB GDDR5 PCI Express 2.0 Plug-in Card Graphics Card GV-N730D5-2GI,GV-N730D5-2GI,39.99,Free Shipping,,2.0,Other,20.0,Entry-level (<$500)
https://c1.neweggimages.com/productimage/nb300/14-137-695-02.png,4.8,47.0,MSI,MSI Ventus GeForce RTX 2060 6GB GDDR6 PCI Express 3.0 x16 ATX Graphics Card RTX 2060 VENTUS GP OC,RTX 2060 VENTUS GPOC,368.0,Free Shipping,,6.0,Other,61.33,Entry-level (<$500)
https://c1.neweggimages.com/productimage/nb300/C0JHS260529084ZBF8E.jpg,,,SongryVGA,"SongryVGA GeForce GTX 1050 Ti 4GB Low Profile Graphics Card,GDDR5 128Bit PCIe 3.0 x16,HDMI & DisplayPort Outputs for SFF / Thin ITX / HTPC PC",GTX 1050 Ti 4G DH,159.85,Free Shipping,232.85,4.0,GTX 1000,39.96,Entry-level (<$500)
https://c1.neweggimages.com/productimage/nb300/B1PGS2309200WCZYE03.jpg,,,NVIDIA,REFURBISHED NVIDIA GeForce RTX 3060 Ti Founders Edition 8GB GDDR6 Video Graphics Card,NGRTX3060Ti8,319.99,Free Shipping,,8.0,RTX 3000,40.0,Entry-level (<$500)
https://c1.neweggimages.com/productimage/nb300/14-932-759-10.jpg,4.6,300.0,GIGABYTE,GIGABYTE AORUS GeForce RTX 5080 16GB GDDR7 PCI Express 5.0 ATX Graphics Card GV-N5080AORUSX W-16GD,GV-N5080AORUSX W-16GD,2108.99,Free Shipping,2341.99,16.0,RTX 5000,131.81,High-end (>$1200)
https://c1.neweggimages.com/productimage/nb300/14-932-481-11.jpg,4.5,201.0,GIGABYTE,"GIGABYTE Radeon RX 6600 EAGLE 8G Graphics Card, WINDFORCE 3X Cooling System, 8GB 128-bit GDDR6, GV-R66EAGLE-8GD Video Card",GV-R66EAGLE-8GD,548.0,Free Shipping,,8.0,RX 6000,68.5,Mid-range ($500-1200)
https://c1.neweggimages.com/productimage/nb300/14-126-263-V09.jpg,,,ASUS,REFURBISHED ASUS ROG Strix GeForce RTX 2080 Ti 11GB GDDR6 PCI Express 3.0 SLI Support Graphics Card ROG-STRIX-RTX2080TI-O11G-GAMING,ROGSTRIXRTX2080TIO11,289.99,Free Shipping,,11.0,Other,26.36,Entry-level (<$500)
https://c1.neweggimages.com/productimage/nb300/14-932-780-02.jpg,4.6,300.0,GIGABYTE,GIGABYTE WINDFORCE GeForce RTX 5080 16GB GDDR7 PCI Express 5.0 x16 ATX SFF Graphics Card GV-N5080WF3-16GD,GV-N5080WF3-16GD,1895.0,Free Shipping,,16.0,RTX 5000,118.44,High-end (>$1200)
https://c1.neweggimages.com/productimage/nb300/BKUMD2512270S0JD24A.jpg,,,ASRock,"ASRock Intel Arc A380 Challenger ITX 6GB OC, 2250MHz GPU, 6GB GDDR6 96-bit, PCIe 4.0, Single Fan, 0dB Silent, DP 2.0, HDMI 2.0b",604117975017,196.99,,,6.0,Other,32.83,Entry-level (<$500)
https://c1.neweggimages.com/productimage/nb300/BP4YS2507010E8AJC88.jpg,,,ASUS,"ASUS TUF Gaming Radeon RX 7900 XTX OC Edition 24GB GDDR6 Graphics Card (PCIe 4.0, 24GB GDDR6, HDMI 2.1a, DisplayPort 2.1) TUF-RX7900XTX-O24G-GAMING",TUF-RX7900XTX-O24G-GAMING GDDR6,1226.0,Free Shipping,,24.0,RX 7000,51.08,High-end (>$1200)
https://c1.neweggimages.com/productimage/nb300/BJXUS2607020JUN5LA0.jpg,,,SRhonyra,"SRhonyra GeForce GT 1030 2G GDDR5 low profile video card HDMI DP port low profile gpu lp gpu, PCIE 3.0 4X, compatible with 8x 16x, supper compact video card",SR103D5LP2G1,119.95,Free Shipping,199.99,,Other,,Entry-level (<$500)
https://c1.neweggimages.com/productimage/nb300/14-137-797-01.jpg,5.0,11.0,MSI,MSI Gaming GeForce RTX 4060 Ti 8GB GDDR6 PCI Express 4.0 x8 ATX Graphics Card RTX 4060 Ti GAMING X 8G,RTX 4060 Ti GAMING X 8G,639.99,Free Shipping,,8.0,RTX 4000,80.0,Mid-range ($500-1200)
https://c1.neweggimages.com/productimage/nb300/BR2DD2606150N5RHG40.jpg,,,ASUS,"ASUS NVIDIA GeForce RTX 5060 LP BRK 8GB GDDR7 OC Edition Graphics Card (PCIe 5.0, 8GB GDDR7, HDMI/DP 2.1, Low-Profile Design, IP5X Dust Resistance), 3 Year Warranty",537470445050,629.99,$5.00 Shipping,,8.0,RTX 5000,78.75,Mid-range ($500-1200)
https://c1.neweggimages.com/productimage/nb300/BM9SS2503100PE8UXED.jpg,,,GUNNIR,"GUNNIR Intel Arc B570 Photon 10G OC Gaming Graphics Card (PCIe 4.0, 10GB GDDR6, HDMI 2.1, DisplayPort 2.1) Black",B570 Photon 10G OC,339.0,Free Shipping,359.0,10.0,Other,33.9,Entry-level (<$500)
https://c1.neweggimages.com/productimage/nb300/14-932-795-01.jpg,4.5,115.0,GIGABYTE,GIGABYTE Eagle GeForce RTX 5060 Ti 8GB GDDR7 PCI Express 5.0 x8 ATX Graphics Card GV-N506TEAGLE OC-8GD,GV-N506TEAGLE OC-8GD,519.99,Free Shipping,540.79,8.0,RTX 5000,65.0,Mid-range ($500-1200)
https://c1.neweggimages.com/productimage/nb300/14-150-859-01.jpg,,,XFX,"REFURBISHED XFX SPEEDSTER MERC319 AMD Radeon RX 6900 XT LIMITED BLACK Gaming Graphics Card with 16GB GDDR6, AMD RDNA 2, RX-69XTACSD9",RX-69XTACSD9,469.99,Free Shipping,,16.0,RX 6000,29.37,Entry-level (<$500)
https://c1.neweggimages.com/productimage/nb300/14-126-825-03.png,5.0,1.0,ASUS,ASUS DUAL OC RTX 5070 GeForce RTX 5070 12GB 192-Bit GDDR7 PCI Express 5.0 x16 Graphics Card DUAL-RTX5070-O12G DLSS 4.0,DUAL-RTX5070-O12G,1229.45,Free Shipping,,12.0,RTX 5000,102.45,High-end (>$1200)
https://c1.neweggimages.com/productimage/nb300/14-932-750-01.jpg,4.5,237.0,GIGABYTE,GIGABYTE AORUS Radeon RX 9070 XT 16GB GDDR6 PCI Express 5.0 x16 Graphics Card GV-R9070XTAORUS E-16GD,GV-R9070XTAORUS E-16GD,1053.99,Free Shipping,1179.99,16.0,RX 9000,65.87,Mid-range ($500-1200)
https://c1.neweggimages.com/productimage/nb300/14-126-711-02.png,4.6,148.0,ASUS,"ASUS Dual GeForce RTX 4070 SUPER EVO OC Edition 12GB GDDR6X (PCIe 4.0, 12GB GDDR6X, DLSS 3, HDMI 2.1a, DisplayPort 1.4a, 2.5-slot design, Axial-tech fan design, 0dB technology) DUAL-RTX4070S-O12G-EVO",DUAL-RTX4070S-O12G-EVO,994.25,Free Shipping,,12.0,RTX 4000,82.85,Mid-range ($500-1200)
https://c1.neweggimages.com/productimage/nb300/14-487-461-V01.jpg,,,REFURBISHED,"REFURBISHED EVGA GeForce RTX 2080 SUPER BLACK GAMING, 08G-P4-3081-KR, 8GB GDDR6",08G-P4-3081-KR,229.99,Free Shipping,,8.0,Other,28.75,Entry-level (<$500)
https://c1.neweggimages.com/productimage/nb300/14-126-482-01.jpg,4.9,47.0,ASUS,ASUS ROG Strix GeForce RTX 3090 24GB GDDR6X PCI Express 4.0 SLI Support Graphics Card ROG-STRIX-RTX3090-O24G-WHITE,STRIX3090-O24G-WHITE,2199.0,Free Shipping,,24.0,RTX 3000,91.62,High-end (>$1200)
https://c1.neweggimages.com/productimage/nb300/14-137-953-12.jpg,4.6,167.0,MSI,MSI Gaming GeForce RTX 5060 Ti 16GB GDDR7 PCI Express 5.0 x 16 (use x8) ATX Graphics Card RTX 5060 Ti 16G GAMING TRIO OC WHITE,RTX 5060 Ti 16G GAMING TRIO OC WHITE,993.83,Free Shipping,,16.0,RTX 5000,62.11,Mid-range ($500-1200)
https://c1.neweggimages.com/productimage/nb300/14-137-908-04.png,4.5,248.0,MSI,MSI VANGUARD GeForce RTX 5080 16GB GDDR7 PCI Express 5.0 Graphics Card RTX 5080 16G VANGUARD SOC,RTX 5080 16G VANGUARD SOC,2399.0,Free Shipping,,16.0,RTX 5000,149.94,High-end (>$1200)
https://c1.neweggimages.com/productimage/nb300/ARUXS2111220EOC0C7A.jpg,,,NVIDIA,NVIDIA RTX A4000 16GB PCI Express 4.0 x16 Video Card VCNRTXA4000-PB,nvidia a4000,1298.0,Free Shipping,,16.0,Other,81.12,High-end (>$1200)
https://c1.neweggimages.com/productimage/nb300/A6ZPD200912731OK.jpg,,,HP,Hpe Quadro Rtx 6000 Graphic Card - 24 Gb Gddr6,R0Z45C,1399.0,Free Shipping,,,Other,,High-end (>$1200)
https://c1.neweggimages.com/productimage/nb300/BTK0S2412200HUW2113.jpg,,,Intel,"Intel Arc B580 12GB 192 Bit GDDR6 456Gb/s 20 XE Cores, 20 Ray Tracking units, Up to 8K Resolution at 120Hz HDR, Intel ARC B580 Limited Edition Battlemage Video Card",Intel Arc B580 12GB,590.0,Free Shipping,,12.0,Other,49.17,Mid-range ($500-1200)
https://c1.neweggimages.com/productimage/nb300/14-202-449-01.png,4.2,12.0,Sapphire Tech,SAPPHIRE PURE Radeon RX 9070 XT 16GB GDDR6 PCI Express 5.0 x16 ATX Graphics Card 11348-02-20G,11348-02-20G,969.0,Free Shipping,,16.0,RX 9000,60.56,Mid-range ($500-1200)
https://c1.neweggimages.com/productimage/nb300/BP4YS2605010RZA5652.jpg,,,NVIDIA,"NVIDIA RTX A4000 16G Single-slot Professional Graphics Card, Industrial Package, GDDR6 ECC Memory, 256-bit, Bandwidth 448 GB/s, DP1.4a X4, Modeling and Rendering, Film and Video Post-Production",RTX A4000 16G,1298.0,Free Shipping,,448.0,Other,2.9,High-end (>$1200)
https://c1.neweggimages.com/productimage/nb300/ADFRD210504SDCR8.jpg,3.0,2.0,NVIDIA,REFURBISHED NVIDIA GeForce GRID K520 Fanless 8GB GDDR5 GRID K520 Video Graphic Card GPU,GRID K520-SR,33.25,Free Shipping,,8.0,Other,4.16,Entry-level (<$500)
https://c1.neweggimages.com/productimage/nb300/14-126-611-13.jpg,4.7,57.0,ASUS,"ASUS TUF Gaming NVIDIA GeForce RTX 3070 Ti OC V2 Graphics Card (PCIe 4.0, 8GB GDDR6X, HDMI 2.1, DisplayPort 1.4a, Military-grade Certification, GPU Tweak III) TUF-RTX3070TI-O8G-V2-GAMING",TUF-RTX3070TI-O8G-V2-GAMING,795.0,Free Shipping,,8.0,RTX 3000,99.38,Mid-range ($500-1200)
https://c1.neweggimages.com/productimage/nb300/14-500-620-02.jpg,4.0,1.0,ZOTAC,ZOTAC AMP GeForce RTX 5060 8GB GDDR7 PCI Express 5.0 x8 ATX Graphics Card RTX 5060 AMP ZT-B50600F-10M,ZT-B50600F-10M,469.99,Free Shipping,,8.0,RTX 5000,58.75,Entry-level (<$500)
https://c1.neweggimages.com/productimage/nb300/AWFGS2306170GWGMVA4.jpg,,,ASRock,"REFURBISHED ASRock AMD Radeon RX 5700 XT Challenger D 8G OC 256-bit GDDR6 3 x DisplayPort, 1 x HDMI 281 x 137 x 42mm Video Cards",ASRock AMD Radeon RX 5700 XT Challenger1,169.99,$30.00 Shipping,,,Other,,Entry-level (<$500)
https://c1.neweggimages.com/productimage/nb300/BJXUS2607020IZLB44D.jpg,,,SRhonyra,SRhonyra GT 1030 Graphics Card 2GB Low Profile Graphics Card GDDR5 64 Bit PCI-e 3.0 x4 Compatible x8 x16 Dual HDMI Displays 2 Monitor Video Card Support DirectX 12 OpenGL 4.5 HDCP 2.2,SR1032H21,129.99,Free Shipping,,2.0,Other,65.0,Entry-level (<$500)
https://c1.neweggimages.com/productimage/nb300/BP4YS2605260JZ1HBB9.jpg,,,NVIDIA,"NVIDIA RTX 4000 Ada 20GB Graphics Card, 160-bit GDDR6 PCI Express 4.0 x16 Graphics Card, RTX 4000 Ada generation 20GB Video card",NVIDIA RTX 4000 Ada 20GB,2499.0,Free Shipping,,20.0,RTX Ada (Pro),124.95,High-end (>$1200)
https://c1.neweggimages.com/productimage/nb300/ADFRD2507211CFALK01.jpg,,,GIGABYTE,REFURBISHED GIGABYTE GeForce RTX 5070 Ti Gaming OC 16GB 16G GDDR7 Video Graphics Card,GV-N507TGAMING OC-16GD,1099.99,,,16.0,RTX 5000,68.75,Mid-range ($500-1200)
https://c1.neweggimages.com/productimage/nb300/14-932-809-02.jpg,4.8,158.0,GIGABYTE,GIGABYTE Gaming Radeon RX 9060 XT 8GB GDDR6 PCI Express 5.0 x16 ATX Graphics Card GV-R9060XTGAMING-8GD RX 9060XT,GV-R9060XTGAMING -8GD,579.0,Free Shipping,,8.0,RX 9000,72.38,Mid-range ($500-1200)
https://c1.neweggimages.com/productimage/nb300/14-137-677-V07.jpg,5.0,1.0,MSI,REFURBISHED MSI Gaming GeForce RTX 3080 10GB GDDR6X PCI Express 4.0 ATX Graphics Card RTX 3080 GAMING Z TRIO 10G LHR,RTX3080GamZTrio10LHR,369.99,Free Shipping,,10.0,RTX 3000,37.0,Entry-level (<$500)
https://c1.neweggimages.com/productimage/nb300/14-487-002-10.jpg,4.8,33.0,USED,USED - VERY GOOD EVGA 03G-P4-2881-KR G-SYNC Support GeForce GTX 780 Ti 3GB 384-Bit GDDR5 PCI Express 3.0 SLI Support Video Card,03G-P4-2881-KR,139.99,Free Shipping,,3.0,Other,46.66,Entry-level (<$500)
https://c1.neweggimages.com/productimage/nb300/14-137-318-V05.jpg,4.7,16.0,MSI,MSI GeForce GT 1030 2GB DDR4 PCI Express 3.0 x16 (Uses x4) Low Profile Graphics Card GT 1030 2GD4 LP OC,GT 1030 2GD4 LP OC,165.0,Free Shipping,,2.0,Other,82.5,Entry-level (<$500)
https://c1.neweggimages.com/productimage/nb300/14-137-779-01.jpg,4.6,462.0,MSI,MSI Suprim GeForce RTX 4090 24GB GDDR6X PCI Express 4.0 Graphics Card RTX 4090 SUPRIM LIQUID 24G,RTX 4090 SUPRIM LIQUID 24G,3495.0,Free Shipping,,24.0,RTX 4000,145.62,High-end (>$1200)
https://c1.neweggimages.com/productimage/nb300/AZUES2605260K7RCA53.jpg,,,Yeston,Yeston Sakura Nvidia GeForce RTX 5070Ti 16GB GDDR7 256bit Gaming GPU PCI-Express 5.0 video cards DLSS4.5 Ray Tracing VR Ready Desktop computer PC video gaming graphics card,YT RTX-507T-16D7-SOA-05PCI,1299.0,Free Shipping,,16.0,RTX 5000,81.19,High-end (>$1200)
https://c1.neweggimages.com/productimage/nb300/14-137-462-Z07.jpg,4.3,221.0,MSI,MSI GeForce RTX 2080 8GB GDDR6 PCI Express 3.0 x16 SLI Support Graphics Card RTX 2080 VENTUS GP 8G,RTX2080 VENTUS GP 8G,740.0,Free Shipping,,8.0,Other,92.5,Mid-range ($500-1200)
https://c1.neweggimages.com/productimage/nb300/ADFRD22042300YX20CF.jpg,,,NVIDIA,NVidia GeForce RTX 3090 Founders Edition 24GB GDDR6 Geforce RTX 3090 FE Video Graphic Card GPU,Geforce 3090 FE-R,1995.0,Free Shipping,,24.0,RTX 3000,83.12,High-end (>$1200)
https://c1.neweggimages.com/productimage/nb300/14-137-886-03.jpg,4.8,82.0,MSI,MSI Gaming GeForce RTX 4080 SUPER 16GB GDDR6X PCI Express 4.0 ATX Graphics Card RTX 4080 SUPER 16G GAMING X SLIM,RTX 4080 SUPER 16G GAMING X SLIM,1853.67,Free Shipping,,16.0,RTX 4000,115.85,High-end (>$1200)
https://c1.neweggimages.com/productimage/nb300/C0JHS2605290IUAXU91.jpg,,,SongryVGA,"SongryVGA R7 350 2GB Multi Monitor Graphics Card GDDR5 HDMI x6 PCIe 3.0 Dual Slot Design Display Splitting for Stock Trading, Surveillance, Digital Signage, 6-Screen Support",R7 350 2GB 6HDMI,109.95,Free Shipping,142.95,2.0,Other,54.98,Entry-level (<$500)
https://c1.neweggimages.com/productimage/nb300/ADFRD2309221BKHR775.jpg,,,MSI,REFURBISHED MSI GeForce RTX 4080 Ventus 3X OC 16GB GDDR6X 4080 16GB VENTUS 3X OC Video Graphic Card GPU,4080 16GB VENTUS 3X OC-R,1269.0,Free Shipping,,16.0,RTX 4000,79.31,High-end (>$1200)
https://c1.neweggimages.com/productimage/nb300/14-137-055-08.jpg,4.6,677.0,MSI,MSI GeForce GTX 1050 Ti 4GB GDDR5 PCI Express 3.0 x16 ATX Graphics Card GTX 1050 Ti 4GT OC,GTX 1050 Ti 4GT OC,339.0,,,4.0,GTX 1000,84.75,Entry-level (<$500)
https://c1.neweggimages.com/productimage/nb300/14-150-918-05.png,,,XFX,XFX SWIFT Radeon RX 9060 XT 8GB GDDR6 PCI Express 5.0 x16 ATX Graphics Card SWIFT RX 9060 XT OC Triple Fan,RX-96TS38GB7,490.99,Free Shipping,,8.0,RX 9000,61.37,Entry-level (<$500)
https://c1.neweggimages.com/productimage/nb300/14-500-587-02.jpg,4.7,71.0,ZOTAC,"ZOTAC GAMING GeForce RTX 4070 Ti SUPER Trinity OC DLSS 3 16GB GDDR6X 256-bit 21 Gbps PCIE 4.0 Gaming Graphics Card, IceStorm 2.0 Advanced Cooling, SPECTRA 2.0 ARGB Lighting, ZT-D40730J-10P",ZT-D40730J-10P,1449.0,Free Shipping,,16.0,RTX 4000,90.56,High-end (>$1200)
https://c1.neweggimages.com/productimage/nb300/AJEPS2501160CP1ZHBC.jpg,,,GIGABYTE,"REFURBISHED GIGABYTE GeForce RTX 4070 SUPER WINDFORCE OC 12G Graphics Card, 3x WINDFORCE Fans, 12GB 192-bit GDDR6X, GV-N407SWF3OC-12GD  Video Card",GV-N407SWF3OC-12GD,1758.0,Free Shipping,,12.0,RTX 4000,146.5,High-end (>$1200)
https://c1.neweggimages.com/productimage/nb300/BJXUS2304030KYG0F28.jpg,,,SRhonyra,"SRhonyra GTX 1050 2GB low-profile graphics card, HDMI and DisplayPort outputs, GDDR5 128-bit PCIe 3.0 x16, single-slot width, low-profile-ready card for compact PCs",SR105D5LP2G1,115.59,Free Shipping,199.99,2.0,GTX 1000,57.8,Entry-level (<$500)
https://c1.neweggimages.com/productimage/nb300/14-202-282-Z01.jpg,4.3,23.0,Sapphire Tech,"Sapphire NITRO+ Radeon RX 570 8GB GDDR5 PCI-E Dual HDMI / DVI-D / Dual DP w/ Backplate (UEFI), 100412NT+8GL",100412NT+8GL,389.0,Free Shipping,,8.0,Other,48.62,Entry-level (<$500)
https://c1.neweggimages.com/productimage/nb300/BP4YS2506290CBF2B9B.jpg,,,ASUS,ASUS TUF Gaming GeForce RTX 4070 Ti Super OG OC Edition Gaming Graphics Card (PCIe 4.0 16GB GDDR6X DLSS 3 HDMI 2.1a DisplayPort 1.4a) TUF-RTX4070TIS-O16G-OG-GAMING,TUF-RTX4070TIS-O16G-OG-GAMING D6X,1389.0,Free Shipping,,16.0,RTX 4000,86.81,High-end (>$1200)
https://c1.neweggimages.com/productimage/nb300/BG5RS230428101XA302.jpg,,,NVIDIA,NVIDIA GeForce RTX 4070 Founders Edition Graphics Card 12GB GDDR6X - Titanium and Black,900-1G141-2544-000,1032.0,Free Shipping,,12.0,RTX 4000,86.0,Mid-range ($500-1200)
https://c1.neweggimages.com/productimage/nb300/14-126-777-01.png,4.6,251.0,ASUS,ASUS ROG Strix GeForce RTX 5070 Ti 16GB 256-Bit GDDR7 Graphics Card PCI Express 5.0 DLSS 4.0 ROG-STRIX-RTX5070TI-16G-GAMING,ROG-STRIX-RTX5070TI-16G-GAMING,1579.0,Free Shipping,,16.0,RTX 5000,98.69,High-end (>$1200)
https://c1.neweggimages.com/productimage/nb300/14-930-022-V01.jpg,3.5,311.0,ASRock,USED - LIKE NEW ASRock Radeon RX 5700 XT 8GB GDDR6 PCI Express 4.0 Graphics Card RX 5700 XT TAICHI X 8G OC+,RX5700XTTAICHIXOC,250.0,Free Shipping,,8.0,Other,31.25,Entry-level (<$500)
https://c1.neweggimages.com/productimage/nb300/14-137-610-V01.jpg,4.8,58.0,MSI,MSI Suprim GeForce RTX 3090 24GB GDDR6X PCI Express 4.0 Graphics Card RTX 3090 SUPRIM X 24G,RTX 3090 SUPRIM X 24G,2099.0,Free Shipping,,24.0,RTX 3000,87.46,High-end (>$1200)
https://c1.neweggimages.com/productimage/nb300/BP4YS2506291EYAK724.jpg,,,ASUS,"ASUS ROG Strix GeForce RTX 4090 OC Edition Gaming Graphics Card (PCIe 4.0, 24GB GDDR6X, HDMI 2.1a, DisplayPort 1.4a) ROG-STRIX-RTX4090-O24G-GAMING",ROG-STRIX-RTX4090-O24G-GAMING D6X,3765.0,Free Shipping,,24.0,RTX 4000,156.88,High-end (>$1200)
https://c1.neweggimages.com/productimage/nb300/14-126-706-03.png,,,ASUS,"ASUS Dual GeForce RTX 4060 Ti V2 OC Edition (PCIe 4.0, 8GB GDDR6, DLSS 3, HDMI 2.1a, DisplayPort 1.4a, 2-slot design, Axial-tech fan design, 0dB technology) DUAL-RTX4060TI-O8G-V2",DUAL-RTX4060TI-O8G-V2,542.0,Free Shipping,,8.0,RTX 4000,67.75,Mid-range ($500-1200)
https://c1.neweggimages.com/productimage/nb300/14-126-540-V15.jpg,4.6,14.0,ASUS,ASUS Dual GeForce RTX 3060 Ti V2 MINI OC Edition 8GB GDDR6 PCI Express 4.0 Video Card DUAL-RTX3060TI-O8G-MINI-V2 (LHR),DUAL-RTX3060TI-O8G-MINI-V2,508.0,Free Shipping,,8.0,RTX 3000,63.5,Mid-range ($500-1200)
https://c1.neweggimages.com/productimage/nb300/14-132-097-01.jpg,,,NVIDIA,NVIDIA GeForce RTX 3070 Ti Founders Edition Graphics Card 8GB GDDR6X - Titanium and Black,900-1G143-2515-000,689.0,Free Shipping,,8.0,RTX 3000,86.12,Mid-range ($500-1200)
https://c1.neweggimages.com/productimage/nb300/AMYMD2112300I1V1Q63.jpg,4.0,1.0,MSI,REFURBISHED RTX 3060 Ventus 2X OC 12GB GDDR6 RTX 3060 VENTUS 2X 12G OC Video Graphic Card GPU,MSI 3060 VENTUS 2X 12G OC-R,435.0,Free Shipping,,12.0,RTX 3000,36.25,Entry-level (<$500)
https://c1.neweggimages.com/productimage/nb300/14-500-502-01.jpg,,,ZOTAC,"REFURBISHED ZOTAC GAMING GeForce RTX 3080 Trinity 10GB GDDR6X 320-bit 19 Gbps PCIE 4.0 Gaming Graphics Card, IceStorm 2.0 Advanced Cooling, SPECTRA 2.0 RGB Lighting, ZT-A30800D-10P",ZT-A30800D-10P,449.99,Free Shipping,,10.0,RTX 3000,45.0,Entry-level (<$500)
https://c1.neweggimages.com/productimage/nb300/14-137-638-V06.jpg,4.5,2.0,MSI,MSI Ventus GeForce RTX 3060 12GB GDDR6 PCI Express 4.0 Graphics Card RTX 3060 VENTUS 2X 12G,RTX 3060 Ventus 2X 12G,595.99,Free Shipping,,12.0,RTX 3000,49.67,Mid-range ($500-1200)
https://c1.neweggimages.com/productimage/nb300/AJEPS25022215W46LF4.jpg,,,ASUS,REFURBISHED ASUS Dual RTX 4060 OC 8GB GDDR6 ATX Graphics Card (DUAL-RTX4060-O8G-V2),90YV0JC4-M0NB00,339.99,,,8.0,RTX 4000,42.5,Entry-level (<$500)
https://c1.neweggimages.com/productimage/nb300/BP4YS2504070EVB01A8.jpg,,,ASUS,"ASUS ROG Strix GeForce RTX 4080 OC WHITE Edition Gaming Graphics Card (PCIe 4.0, 16GB GDDR6X, HDMI 2.1a, DisplayPort 1.4a) ROG-STRIX-RTX4080-O16G-WHITE Video Card",4080 ROG STRIX WHITE QX,1556.85,Free Shipping,,16.0,RTX 4000,97.3,High-end (>$1200)
https://c1.neweggimages.com/productimage/nb300/14-932-690-02.jpg,4.6,9.0,GIGABYTE,"GIGABYTE GeForce RTX 3050 OC Low Profile 6G Graphics Card, 2x WINDFORCE Fans, 6GB GDDR6 96-bit GDDR6, GV-N3050OC-6GL Graphics Card",GV-N3050OC-6GL,425.9,Free Shipping,,6.0,RTX 3000,70.98,Entry-level (<$500)
https://c1.neweggimages.com/productimage/nb300/14-137-805-01.jpg,4.4,20.0,MSI,MSI Gaming GeForce RTX 4060 8GB GDDR6 PCI Express 4.0 x8 ATX Graphics Card RTX 4060 GAMING X 8G,RTX 4060 GAMING X 8G,559.0,Free Shipping,,8.0,RTX 4000,69.88,Mid-range ($500-1200)
https://c1.neweggimages.com/productimage/nb300/ADFRS25112811ACC8E4.jpg,,,ASUS,REFURBISHED ASUS ROG Astral GeForce RTX 5090 32GB GDDR7 OC Gaming Video Graphics Card,ROG-ASTRAL-RTX5090-O32G-GAMING,5799.99,Free Shipping,,32.0,RTX 5000,181.25,High-end (>$1200)
https://c1.neweggimages.com/productimage/nb300/14-125-830-01.jpg,,,GIGABYTE,REFURBISHED GIGABYTE GeForce GT 730 2GB DDR3 PCI Express 2.0 Graphics Card GV-N730-2GI,GV-N730-2GI,39.99,Free Shipping,,2.0,Other,20.0,Entry-level (<$500)
https://c1.neweggimages.com/productimage/nb300/14-932-468-01.jpg,4.6,74.0,GIGABYTE,GIGABYTE Gaming OC GeForce RTX 3060 Ti 8GB GDDR6 PCI Express 4.0 ATX Video Card GV-N306TGAMING OC-8GD REV 2.0 (LHR),GV-N306TGAMING OC-8G,519.0,Free Shipping,,8.0,RTX 3000,64.88,Mid-range ($500-1200)
https://c1.neweggimages.com/productimage/nb300/14-150-868-V01.jpg,4.5,371.0,XFX,XFX SPEEDSTER SWFT105 Radeon RX 6400 4GB GDDR6 PCI Express 4.0 Low Profile Graphics Card RX-64XL4SFG2,RX-64XL4SFG2,389.0,Free Shipping,,4.0,RX 6000,97.25,Entry-level (<$500)
https://c1.neweggimages.com/productimage/nb300/AAJ2D250304147LBY6A.jpg,5.0,1.0,NVIDIA,REFURBISHED HPE NVIDIA Tesla P100 16GB HBM2 PCIe GPU Accelerator 868199-001 868585-001 900-2H400-0300-031,868199-001,94.49,Free Shipping,,16.0,Other,5.91,Entry-level (<$500)
https://c1.neweggimages.com/productimage/nb300/AWFGS2504170F4IGC85.jpg,,,GIGABYTE,REFURBISHED GIGABYTE GeForce RTX 3090 TURBO 24G 24GB GDDR6X PCI Express 4.0 16X 384bit Video Card,1344500,1499.99,Free Shipping,,24.0,RTX 3000,62.5,High-end (>$1200)
https://c1.neweggimages.com/productimage/nb300/BP4YS2503080JQYMF72.jpg,,,Sapphire Tech,SAPPHIRE Tech PULSE Radeon RX 7900 XTX 24GB GDDR6 PCI Express 4.0 x16 ATX Video Card 11322-02-20G,PULSE 7900XTX,1399.99,Free Shipping,,24.0,RX 7000,58.33,High-end (>$1200)
https://c1.neweggimages.com/productimage/nb300/14-932-402-V01.jpg,4.9,40.0,GIGABYTE,"GIGABYTE GeForce RTX 3060 GAMING OC 12G Graphics Card, 3 x WINDFORCE Fans, 12GB 192-bit GDDR6, GV-N3060GAMING OC-12GD Video Card",GV-N3060GAMINGOC12GD,498.0,Free Shipping,,12.0,RTX 3000,41.5,Entry-level (<$500)
https://c1.neweggimages.com/productimage/nb300/A98Y_1_201805211598553359.jpg,,,NVIDIA,NVIDIA Tesla P100 Graphic Card - 16 GB HBM2,900-2H400-0002-000,167.99,Free Shipping,,16.0,Other,10.5,Entry-level (<$500)
https://c1.neweggimages.com/productimage/nb300/AXZZS2303240M893B8E.jpg,5.0,1.0,MAXSUN,"MAXSUN GeForce RTX 4080 OC 16GB iCraft Anime GPU Graphics Card GDDR6X, PCI Express 4.0 X16, 256-bit, 3x DisplayPort 1.4a, HDMI 2.1a Video Card",MS-RTX4080 iCraft OC 16G iCraft Limited,1499.0,Free Shipping,,16.0,RTX 4000,93.69,High-end (>$1200)
https://c1.neweggimages.com/productimage/nb300/14-127-947-S99.jpg,4.6,636.0,MSI,MSI GeForce GTX 1070 8GB GDDR5 PCI Express 3.0 x16 SLI Support ATX Graphics Card GTX 1070 GAMING X 8G,GTX 1070 GAMING X 8G,299.0,Free Shipping,,8.0,GTX 1000,37.38,Entry-level (<$500)
https://c1.neweggimages.com/productimage/nb300/AEEN_1_20180906297617749.jpg,,,Lenovo,USED - VERY GOOD Lenovo-IMSourcing GeForce GT 620 Graphic Card - 810 MHz Core - 1 GB DDR3 SDRAM - Single Slot Space Required,03T7121,18.74,,,1.0,Other,18.74,Entry-level (<$500)
https://c1.neweggimages.com/productimage/nb300/B9ZZS25061610EHOT2E.jpg,5.0,3.0,NVIDIA,NVIDIA - GeForce RTX 5080 16GB GDDR7 Graphics Card - Gun Metal,900-1G144-2545-000,2163.0,Free Shipping,,16.0,RTX 5000,135.19,High-end (>$1200)
https://c1.neweggimages.com/productimage/nb300/14-131-812-01.jpg,4.5,90.0,PowerColor,PowerColor Hellhound Spectral White Radeon RX 7900 XTX Video Card RX7900XTX 24G-L/OC/WHITE,RX7900XTX 24G-L/OC/WHITE,1480.6,Free Shipping,,,RX 7000,,High-end (>$1200)
https://c1.neweggimages.com/productimage/nb300/14-932-794-11.jpg,4.5,115.0,GIGABYTE,GIGABYTE Eagle GeForce RTX 5060 Ti 8GB GDDR7 PCI Express 5.0 x8 ATX Graphics Card GV-N506TEAGLEOC ICE-8GD,GV-N506TEAGLEOC ICE-8GD,519.99,Free Shipping,,8.0,RTX 5000,65.0,Mid-range ($500-1200)
https://c1.neweggimages.com/productimage/nb300/14-126-751-06.png,4.6,97.0,ASUS,ASUS ROG Astral GeForce RTX 5090 32GB GDDR7 ROG-ASTRAL-RTX5090-O32G-GAMING PCI-Express 5.0 DLSS 4.0 Video Card,ROG-ASTRAL-RTX5090-32G-GAMING,6999.0,Free Shipping,,32.0,RTX 5000,218.72,High-end (>$1200)
https://c1.neweggimages.com/productimage/nb300/14-932-814-03.jpg,4.4,48.0,GIGABYTE,GIGABYTE WINDFORCE GeForce RTX 5060 8GB GDDR7 PCI Express 5.0 x8 ATX Graphics Card GV-N5060WF2MAX OC-8GD,GV-N5060WF2MAX OC-8GD,469.99,Free Shipping,,8.0,RTX 5000,58.75,Entry-level (<$500)
https://c1.neweggimages.com/productimage/nb300/BP4YS2504190GSFQ379.jpg,,,ASUS,ASUS TUF Gaming GeForce RTX 5070 Ti OC Edition 16GB GDDR7 TUF-RTX5070TI-O16G-GAMING PCI-Express 5.0 DLSS 4.0 Graphics Card,TUF-RTX5070TI-O16G-GAMING OC,1479.0,Free Shipping,,16.0,RTX 5000,92.44,High-end (>$1200)
https://c1.neweggimages.com/productimage/nb300/14-500-540-17.jpg,4.4,38.0,ZOTAC,"ZOTAC GAMING GeForce RTX 4090 Trinity OC DLSS 3 24GB GDDR6X 384-bit 21 Gbps PCIE 4.0 Gaming Graphics Card, IceStorm 3.0 Advanced Cooling, SPECTRA 2.0 RGB Lighting, ZT-D40900J-10P",ZT-D40900J-10P,3499.0,Free Shipping,,24.0,RTX 4000,145.79,High-end (>$1200)
https://c1.neweggimages.com/productimage/nb300/BP4YS250326064RPTD0.jpg,,,ASUS,ASUS GeForce GT 710 GT710-SL-2GD5-BRK-EVO 2GB DDR5 Video Card,GT710-SL-2GD5-BRK-EVO NEW,64.49,Free Shipping,,2.0,Other,32.24,Entry-level (<$500)
https://c1.neweggimages.com/productimage/nb300/14-202-286-V06.jpg,4.1,9.0,Sapphire Tech,USED - VERY GOOD SAPPHIRE Radeon RX 550 DirectX 12 100414P2GL 2GB 128-Bit GDDR5 Video Card,100414P2GL,56.0,$30.00 Shipping,76.0,2.0,Other,28.0,Entry-level (<$500)
https://c1.neweggimages.com/productimage/nb300/14-132-093-V01.jpg,,,NVIDIA,NVIDIA GeForce RTX 3090 Ti 24GB GDDR6X PCI Express 4.0 SLI Support Video Card GEFORCE RTX 3090 Ti FE,GEFORCE RTX 3090 Ti FE,2185.0,Free Shipping,2189.94,24.0,RTX 3000,91.04,High-end (>$1200)
https://c1.neweggimages.com/productimage/nb300/BP4YS2605010SD2N152.jpg,,,NVIDIA,"NVIDIA RTX A4000 16G Single-slot Professional Graphics Card, Industrial Package, GDDR6 ECC Memory, 256-bit, Bandwidth 448 GB/s, DP1.4a X4, Modeling and Rendering, Film and Video Post-Production",NVIDIA RTX A4000 16G,1325.0,Free Shipping,,448.0,Other,2.96,High-end (>$1200)
https://c1.neweggimages.com/productimage/nb300/A6ZPD22101918VGSWE7.jpg,,,Lenovo,Lenovo NVIDIA Tesla T4 Graphic Card 16 GB Passive Cooler PC 4X67A14926,4X67A14926,759.99,Free Shipping,1027.49,16.0,Other,47.5,Mid-range ($500-1200)
https://c1.neweggimages.com/productimage/nb300/V1PTD24052219T3ZDDE.jpg,,,NVIDIA,REFURBISHED NVIDIA Tesla P40 24GB DDR5 GPU Accelerator Card Dual PCI-E 3.0 x16 699-2G610-020,726597569507,349.99,Free Shipping,354.99,24.0,Other,14.58,Entry-level (<$500)
https://c1.neweggimages.com/productimage/nb300/14-137-719-S01.jpg,4.8,44.0,MSI,MSI Ventus GeForce RTX 2060 12GB GDDR6 PCI Express 3.0 x16 ATX Graphics Card RTX 2060 VENTUS GP 12G OC,RTX 2060 VENTUS GP 12G OC,745.0,Free Shipping,,12.0,Other,62.08,Mid-range ($500-1200)
https://c1.neweggimages.com/productimage/nb300/C0JHS2605290ISENY91.jpg,,,SongryVGA,"SongryVGA RX 580 8GB Multi Monitor Graphics Card PCIe 3.0 x16 Interface 6 HDMI GDDR5 Outputs for 6 Monitors 4K Display, Compact Design for Trading and Video Wall Applications",RX 580 8G 6H,268.85,Free Shipping,399.95,8.0,Other,33.61,Entry-level (<$500)
https://c1.neweggimages.com/productimage/nb300/BTK0S2601050JEHF14C.jpg,,,Sapphire Tech,SAPPHIRE PULSE Radeon RX 6400 4GB(ATX ) GDDR6 PCI Express 4.0 Graphics Card,PULSE Radeon RX 6400 4GB,241.53,Free Shipping,,4.0,RX 6000,60.38,Entry-level (<$500)
https://c1.neweggimages.com/productimage/nb300/A6V6_131892134822443207UHmuOK7nLc.jpg,5.0,1.0,NVIDIA,NVIDIA GeForce RTX 2080 Ti Founders Edition 11GB GDDR6 PCI Express 3.0 Graphics Card,B07LC1L4RJ,699.0,Free Shipping,859.0,11.0,Other,63.55,Mid-range ($500-1200)
https://c1.neweggimages.com/productimage/nb300/ADFRD26042813B3BJD9.jpg,,,XFX,REFURBISHED XFX Radeon RX 580 8GB GDDR5 Video Graphics Card,RX-PHXPMI,119.99,Free Shipping,,8.0,Other,15.0,Entry-level (<$500)
https://c1.neweggimages.com/productimage/nb300/AMTVD210819Q8T2Q.jpg,,,GIGABYTE,REFURBISHED GIGABYTE GeForce RTX 3090 Gaming 24GB GDDR6X GV-N3090GAMING OC-24GD Video Graphic Card GPU,GV-N3090GAM OC-24GD-R,1479.99,$19.99 Shipping,,24.0,RTX 3000,61.67,High-end (>$1200)
https://c1.neweggimages.com/productimage/nb300/14-137-937-04.jpg,4.7,210.0,MSI,MSI Gaming GeForce RTX 5070 12GB GDDR7 PCI Express 5.0 ATX Graphics Card RTX 5070 12G GAMING TRIO OC WHITE,RTX 5070 12G GAMING TRIO OC WHITE,1077.9,Free Shipping,,12.0,RTX 5000,89.82,Mid-range ($500-1200)
https://c1.neweggimages.com/productimage/nb300/14-131-791-07.jpg,4.4,47.0,PowerColor,PowerColor Fighter Radeon RX 6600 8GB GDDR6 PCI Express 4.0 ATX Graphics Card AXRX 6600 8GBD6-3DH,AXRX 6600 8GBD6-3DH,445.0,Free Shipping,,8.0,RX 6000,55.62,Entry-level (<$500)
https://c1.neweggimages.com/productimage/nb300/BP4YS2605300IH027D4.jpg,,,MSI,"MSI Gaming GeForce RTX 4070 Ti SUPER 16GB GDDR6X PCI Express 4.0 ATX Graphics Card, RTX 4070 Ti SUPER 16G GAMING X SLIM Video card",4070 Ti SUPER 16G GAMING X SLIM,1359.0,Free Shipping,,16.0,RTX 4000,84.94,High-end (>$1200)
https://c1.neweggimages.com/productimage/nb300/14-932-401-V02.jpg,5.0,29.0,GIGABYTE,"GIGABYTE GeForce RTX 3060 VISION OC 12G Graphics Card, 3 x WINDFORCE Fans, 12GB 192-bit GDDR6, GV-N3060VISION OC-12GD Video Card",GV-N3060VISIONOC12GD,599.0,Free Shipping,,12.0,RTX 3000,49.92,Mid-range ($500-1200)
https://c1.neweggimages.com/productimage/nb300/14-137-595-V24.jpg,4.6,92.0,MSI,MSI Gaming GeForce RTX 3090 24GB GDDR6X PCI Express 4.0 SLI Support Graphics Card RTX 3090 GAMING X TRIO 24G,RTX 3090 GAMING X TRIO 24G,2099.0,Free Shipping,,24.0,RTX 3000,87.46,High-end (>$1200)
https://c1.neweggimages.com/productimage/nb300/BJXUS2305040JMVOX41.jpg,,,SRhonyra,"SRhonyra Radeon R7 350 2GB Graphics Card, GDDR5 128-Bit, Native HDMIx6,PCIe 3.0 x16, Full-height Dual-slot Width, TDP 55 W",SR356H22,119.59,Free Shipping,159.95,2.0,Other,59.8,Entry-level (<$500)
https://c1.neweggimages.com/productimage/nb300/AFYUD24032713IMF898.jpg,,,ASUS,ASUS Dual GeForce RTX 4060 Ti EVO 16GB - OC Edition - graphics card - GeForce RTX 4060 Ti - 16 GB GDDR6 - PCIe 4.0 - 3 x,90YV0JH8-M0NA00,799.0,Free Shipping,,16.0,RTX 4000,49.94,Mid-range ($500-1200)
https://c1.neweggimages.com/productimage/nb300/ADDTD2310270C1BYVA4.jpg,,,ASRock,REFURBISHED ASROCK RX 6800 XT PG D 16G OC 16GB AMD RADEON GRAPHICS RX6800XT-PGD-16GO,RX6800XT-PGD-16GO,429.49,$60.00 Shipping,,16.0,RX 6000,26.84,Entry-level (<$500)
https://c1.neweggimages.com/productimage/nb300/14-980-002-02.png,,,Yeston,Yeston Sakura Radeon RX 9070 XT 16GB GDDR6 PCI Express 5.0 x16 Graphics Card RX9070XT,YT RX-97XT-16D6-SOA-11PCI,799.0,Free Shipping,,16.0,RX 9000,49.94,Mid-range ($500-1200)
https://c1.neweggimages.com/productimage/nb300/14-980-007-01.jpg,,,Yeston,Yeston GAEA Radeon RX 9060 XT 8GB GDDR6 PCI Express 5.0 x16 Graphics Card RX9060XT,YT RX-96XT-8D6-GA-11PCI,409.0,Free Shipping,,8.0,RX 9000,51.12,Entry-level (<$500)
https://c1.neweggimages.com/productimage/nb300/14-487-024-16.jpg,4.5,742.0,EVGA,EVGA 02G-P4-3753-KR G-SYNC Support GeForce GTX 750 Ti Superclocked 2GB 128-Bit GDDR5 PCI Express 3.0 Video Card,02G-P4-3753-KR,298.0,Free Shipping,,2.0,Other,149.0,Entry-level (<$500)
https://c1.neweggimages.com/productimage/nb300/BP4YS2506050IIGAF28.jpg,,,NVIDIA,"NVIDIA RTX 2000 Ada 16GB Generation, Industrial Package, GDDR6 ECC Memory, 128-bit, 224GB/S, High-performance acceleration, AI computing",RTX 2000 Ada 16GB,829.0,Free Shipping,,16.0,RTX Ada (Pro),51.81,Mid-range ($500-1200)
https://c1.neweggimages.com/productimage/nb300/14-130-812-04.jpg,4.6,68.0,EVGA,EVGA SuperClocked+ 03G-P4-3663-KR GeForce GTX 660 Ti 3GB 192-bit GDDR5 PCI Express 3.0 x16 HDCP Ready SLI Support Video Card,03G-P4-3663-KR,299.0,Free Shipping,,3.0,Other,99.67,Entry-level (<$500)
https://c1.neweggimages.com/productimage/nb300/A6V6D2602041406VFB9.jpg,,,ASUS,"ASUS ROG Astral GeForce RTX 5090 OC Edition Quad Fan Graphics Card, 32GB GDDR7, 3352 AI TOPS, 28 Gbps, 512-bit, DLSS 4, AI Content Creation, Local LLM Inference, DP 2.1b x3, HDMI 2.1b x2",197105668416,6499.99,$13.99 Shipping,,32.0,RTX 5000,203.12,High-end (>$1200)
https://c1.neweggimages.com/productimage/nb300/A92GS2110148847D.jpg,,,ASRock,Video Card ASRock Challenger D Radeon RX 6600 XT 8GB GDDR6 PCI Express 4.0 RX6600XT CLD 8GO,RX6600XTCLD8GO,549.0,Free Shipping,,8.0,RX 6000,68.62,Mid-range ($500-1200)
https://c1.neweggimages.com/productimage/nb300/14-121-869-03.jpg,4.7,30.0,ASUS,ASUS ROG POSEIDON-GTX780-P-3GD5 G-SYNC Support GeForce GTX 780 3GB 384-Bit GDDR5 PCI Express 3.0 HDCP Ready Video Card,POSEIDON-GTX780P3GD5,299.0,Free Shipping,,3.0,Other,99.67,Entry-level (<$500)
https://c1.neweggimages.com/productimage/nb300/14-202-183-01.jpg,4.3,39.0,Sapphire Tech,SAPPHIRE NITRO Radeon R9 380X 4GB GDDR5 PCI Express 3.0 Graphics Card 100383NTOCL,100383NTOCL,349.0,Free Shipping,,4.0,Other,87.25,Entry-level (<$500)
https://c1.neweggimages.com/productimage/nb300/BZ6KD2504300BJ0QUF5.jpg,,,ASUS,"ASUS TUF Gaming GeForce RTX (tm) 5070 12GB GDDR7 OC Edition Gaming Graphics Card (PCIe(r) 5.0, HDMI(r)/DP 2.1, 3.125-slot, Military-Grade Components, Protective PCB Coating, axial-tech Fans)",590071635206,1275.0,Free Shipping,,12.0,Other,106.25,High-end (>$1200)
https://c1.neweggimages.com/productimage/nb300/14-487-440-V01.jpg,4.3,220.0,EVGA,"EVGA GeForce RTX 2080 Ti XC2 ULTRA GAMING, 11G-P4-2387-KR, 11GB GDDR6, iCX2 & RGB LED",11G-P4-2387-KR,995.0,Free Shipping,,11.0,Other,90.45,Mid-range ($500-1200)
https://c1.neweggimages.com/productimage/nb300/BP4YS23102506YUEC33.jpg,5.0,1.0,GIGABYTE,GIGABYTE GAMING GeForce RTX 4090 24GB GDDR6X PCI Express 4.0 ATX Video Card GeForce RTX 4090 GAMING OC 24G (rev. 1.0/1.1),RTX-4090-WINDFORCE,3495.0,Free Shipping,,24.0,RTX 4000,145.62,High-end (>$1200)
https://c1.neweggimages.com/productimage/nb300/BTK0S25030112PO8XDA.jpg,,,ASUS,ASUS Dual GeForce RTX 4060 8GB GDDR6 PCI Express 4.0 ATX Video Card DUAL-RTX4060-O8G-V2,DUAL-RTX4060-O8G-V2,539.0,Free Shipping,,8.0,RTX 4000,67.38,Mid-range ($500-1200)
https://c1.neweggimages.com/productimage/nb300/BP4YS2604080FWT5VE3.jpg,,,ASUS,"ASUS PRIME Radeon RX 9060 XT 16GB GDDR6 PCI Express 5.0 x16 ATX Graphics Card, PRIME-RX9060XT-16G RX 9060XT 16GB",PRIME-RX9060XT-16G,899.99,Free Shipping,,16.0,RX 9000,56.25,Mid-range ($500-1200)
https://c1.neweggimages.com/productimage/nb300/BTK0S2509230IEBCZ36.jpg,5.0,1.0,ASUS,ASUS ROG Astral GeForce RTX 5080 16GB GDDR7 OC RO JI x HATSUNE MIKU Edition PCI-Express 5.0 DLSS 4.0 Graphics Card - RO JI x HATSUNE MIKU Edition,ROG Astral RTX 5080 RO JI x HATSUNE MIKU,3290.73,Free Shipping,3499.0,16.0,RTX 5000,205.67,High-end (>$1200)
https://c1.neweggimages.com/productimage/nb300/14-932-797-03.jpg,4.5,115.0,GIGABYTE,GIGABYTE WindForce GeForce RTX 5060 Ti 8GB GDDR7 PCI Express 5.0 x8 ATX Graphics Card GV-N506TWF2-8GD,GV-N506TWF2-8GD,501.99,Free Shipping,,8.0,RTX 5000,62.75,Mid-range ($500-1200)
https://c1.neweggimages.com/productimage/nb300/14-932-813-02.jpg,4.5,115.0,GIGABYTE,GIGABYTE WindForce GeForce RTX 5060 Ti 16GB GDDR7 PCI Express 5.0 x8 ATX Graphics Card GV-N506TWF2MAX OC-16GD,GV-N506TWF2MAX OC-16GD,968.06,Free Shipping,,16.0,RTX 5000,60.5,Mid-range ($500-1200)
https://c1.neweggimages.com/productimage/nb300/C02XS2606150CULAD00.jpg,,,NVIDIA,"NVIDIA RTX 6000 Ada 48GB Graphics Card, VCNRTX6000ADA-PB 48GB 384-bit GDDR6 PCI Express 4.0 x16, RTX 6000 Ada generation 48GB Video card",RTX 6000 Ada 48GB Create,8199.0,Free Shipping,,48.0,RTX Ada (Pro),170.81,High-end (>$1200)
https://c1.neweggimages.com/productimage/nb300/14-150-728-11.jpg,4.3,52.0,XFX,XFX BLACK Edition Radeon R9 390 8GB GDDR5 PCI Express 3.0 CrossFireX Support Graphics Card R9-390P-8286,R9-390P-8286,459.0,Free Shipping,,8.0,Other,57.38,Entry-level (<$500)
https://c1.neweggimages.com/productimage/nb300/14-137-771-02.jpg,4.7,175.0,MSI,MSI Gaming GeForce RTX 4070 Ti 12GB GDDR6X PCI Express 4.0 Graphics Card RTX 4070 Ti GAMING X TRIO 12G,RTX 4070 Ti GAMING X TRIO 12G,1001.04,Free Shipping,1295.0,12.0,RTX 4000,83.42,Mid-range ($500-1200)
https://c1.neweggimages.com/productimage/nb300/AZUES2406300WN36P6D.jpg,,,Yeston,Yeston GeForce GTX 1050 Ti 4GB GDDR5 LP Graphics cards pci express 3.0 video cards Desktop computer PC video gaming graphics card,GTX1050Ti-4GD5 LP,199.0,Free Shipping,,4.0,GTX 1000,49.75,Entry-level (<$500)
https://c1.neweggimages.com/productimage/nb300/14-133-744-Z01.jpg,5.0,1.0,PNY,PNY GeForce GTX 1070 8GB GDDR5 PCI Express 3.0 x16 SLI Support Graphics Card VCGGTX10708PB,VCGGTX10708PB,299.0,Free Shipping,3193.75,8.0,GTX 1000,37.38,Entry-level (<$500)
https://c1.neweggimages.com/productimage/nb300/BP4YS25041907IXU61B.jpg,,,ASUS,ASUS PRIME GeForce RTX 5070 12GB 192-Bit GDDR7 PCI Express 5.0 Graphics Card PRIME-RTX5070-12G,ASUS PRIME-RTX5070-12G,869.0,Free Shipping,,12.0,RTX 5000,72.42,Mid-range ($500-1200)
https://c1.neweggimages.com/productimage/nb300/14-932-172-V09.jpg,4.2,26.0,GIGABYTE,"GIGABYTE AORUS GeForce RTX 2060 Super 8G Graphics Card, WINDFORCE Stack, 8GB 256-Bit GDDR6, GV-N206SAORUS-8GC Video Card",GV-N206SAORUS-8GC,749.0,Free Shipping,,8.0,Other,93.62,Mid-range ($500-1200)
https://c1.neweggimages.com/productimage/nb300/14-126-103-28.jpg,4.2,354.0,ASUS,ASUS ROG GeForce GTX 1080 8GB GDDR5X PCI Express 3.0 SLI Support Graphics Card STRIX-GTX1080-O8G-GAMING,STRIX-GTX1080-O8G,369.0,Free Shipping,,8.0,GTX 1000,46.12,Entry-level (<$500)
https://c1.neweggimages.com/productimage/nb300/14-137-443-V01.jpg,4.4,164.0,MSI,MSI GeForce RTX 2080 SUPER 8GB GDDR6 PCI Express 3.0 x16 SLI Support Graphics Card RTX 2080 Super Ventus OC,2080 Super Ventus OC,799.0,Free Shipping,,8.0,Other,99.88,Mid-range ($500-1200)
https://c1.neweggimages.com/productimage/nb300/14-126-496-V01.jpg,5.0,11.0,ASUS,"ASUS DUAL GeForce RTX 3060 OC Edition Gaming Graphics Card (PCIe 4.0, 12GB GDDR6 Memory, HDMI 2.1, DisplayPort 1.4a, 2-slot Design, Axial-tech Fan Design, 0dB Technology), DUAL-RTX3060-O12G",DUAL-RTX3060-O12G,490.0,Free Shipping,,12.0,RTX 3000,40.83,Entry-level (<$500)
https://c1.neweggimages.com/productimage/nb300/14-487-357-V04.jpg,3.7,3.0,EVGA,"EVGA GeForce GTX 1080 Ti GAMING, 11G-P4-5390-KR, 11GB GDDR5X",11G-P4-5390-KR,399.0,Free Shipping,,11.0,GTX 1000,36.27,Entry-level (<$500)
https://c1.neweggimages.com/productimage/nb300/A4YUD201027U5VD0.jpg,,,MSI,MSI GeForce RTX 2060 SUPER DirectX 12 RTX 2060 SUPER VENTUS GP OC 8GB 256-Bit GDDR6 PCI Express 3.0 x16 HDCP Ready Video Card,GEFORCE RTX 2060 SUP,559.0,Free Shipping,,8.0,Other,69.88,Mid-range ($500-1200)
https://c1.neweggimages.com/productimage/nb300/A24G_1_20191026268891345.jpg,,,MSI,[OB] MSI Gaming GeForce RTX 2080 Super 8GB GDRR6 256-Bit (RTX 2080 Super Ventus XS OC),G2080SVXC,799.0,Free Shipping,,8.0,Other,99.88,Mid-range ($500-1200)
https://c1.neweggimages.com/productimage/nb300/BTK0S2503050MQLKTEC.jpg,,,GIGABYTE,"GIGABYTE GeForce RTX 4070 SUPER GAMING OC 12G WUKONG EDITION Graphics Card, 3x WINDFORCE Fans, 12GB 192-bit GDDR6X, GV-N407SWUKONG OC-12GD Video Card",GV-N407SWUKONG OC-12GD,1059.0,Free Shipping,,12.0,RTX 4000,88.25,Mid-range ($500-1200)
https://c1.neweggimages.com/productimage/nb300/AZUES2406250JAOHLC6.jpg,5.0,1.0,Yeston,Yeston Sakura GeForce RTX 4070 Ti Super 16GB GDDR6X PCI Express 4.0 Video Card HDMI 2.1*1 + DP1.4a*3 video cards Desktop computer PC video gaming graphics card,RTX4070Ti Super-16G D6X SA,1399.0,Free Shipping,,16.0,RTX 4000,87.44,High-end (>$1200)
https://c1.neweggimages.com/productimage/nb300/14-126-779-02.png,4.7,173.0,ASUS,ASUS ROG Astral GeForce RTX 5080 16GB 256-Bit GDDR7 PCI Express 5.0 DLSS 4.0 Graphics Card ROG-ASTRAL-RTX5080-16G-GAMING,ROG-ASTRAL-RTX5080-16G-GAMING,2491.8,Free Shipping,,16.0,RTX 5000,155.74,High-end (>$1200)
https://c1.neweggimages.com/productimage/nb300/C4GSD2604150GKZI85A.jpg,,,PNY,PNY Technology VCNRTX2000ADA-PB NVIDIA RTX 2000 ADA Generation 16GB GDDR6 Generation Graphic Card,342266140923,999.0,Free Shipping,,16.0,RTX Ada (Pro),62.44,Mid-range ($500-1200)
https://c1.neweggimages.com/productimage/nb300/AFYUD24092519KLYWBE.jpg,,,NVIDIA,"NVIDIA RTX A2000 12GB Graphics card Retail boxed -Board,Quick start Guide,Support Guide, LP I/O bracket attached + ATX I",900-5G192-2551-000,729.0,Free Shipping,,12.0,Other,60.75,Mid-range ($500-1200)
https://c1.neweggimages.com/productimage/nb300/V2NDS200527HX8Ib.jpg,,,NVIDIA,NVIDIA Quadro P600 PCI Express 3.0 x16 2GB GDDR5 Full Height w 4 cables 5120×2880 video card,P600,89.0,Free Shipping,,2.0,Other,44.5,Entry-level (<$500)
https://c1.neweggimages.com/productimage/nb300/14-137-686-S06.jpg,4.6,54.0,MSI,MSI Ventus GeForce RTX 3080 10GB GDDR6X PCI Express 4.0 Graphics Card RTX 3080 VENTUS 3X PLUS 10G OC LHR,RTX 3080 VENTUS 3X PLUS 10G OC LHR,799.0,Free Shipping,,10.0,RTX 3000,79.9,Mid-range ($500-1200)
https://c1.neweggimages.com/productimage/nb300/AG7R_131995257993292138QxPeKvN5jl.jpg,,,MSI,MSI GeForce GT 1030 DirectX 12 2GB 64-Bit DDR4 PCI Express 3.0 x16 (Uses x4) HDCP Ready Low Profile Video Card Model GT 1030 2GD4 LP OC,M*2GD4 LP OC,198.0,Free Shipping,,2.0,Other,99.0,Entry-level (<$500)
https://c1.neweggimages.com/productimage/nb300/AD7H_1_20191105265042038.jpg,5.0,1.0,ASUS,"ASUS GTX1650-O4G-LP-BRK - OC Edition - graphics card - GF GTX 1650 - 4 GB GDDR5 - PCIe 3.0 x16 low profile - DVI, HDMI,",GTX1650-O4G-LP-BRK,340.0,Free Shipping,,4.0,GTX 1600,85.0,Entry-level (<$500)
https://c1.neweggimages.com/productimage/nb300/AWVGS2109205A834.jpg,5.0,1.0,GIGABYTE,Gigabyte GeForce RTX 3080 Turbo 10GB V2,GV-N3080TURBO-10GD-REV2.0,580.0,Free Shipping,,10.0,RTX 3000,58.0,Mid-range ($500-1200)
https://c1.neweggimages.com/productimage/nb300/AWZTS210406kbfx3.jpg,5.0,2.0,GIGABYTE,GIGABYTE GeForce GT 1030 OC GDDR5 DirectX 12 GV-N1030OC-2GI 2GB 64-Bit PCI Express 3.0 x16 Video Card,768697041019,198.0,Free Shipping,,2.0,Other,99.0,Entry-level (<$500)
https://c1.neweggimages.com/productimage/nb300/C0JHS2605290JI1MR88.jpg,,,SongryVGA,"SongryVGA GT 730 2GB Multi Monitors Graphics Card,4 HDMI GDDR3 64-bit,Dual Slot,for Stock Trading,Surveillance,and Projection",GT 730 2GB 4HDMI,69.95,Free Shipping,99.94,2.0,Other,34.98,Entry-level (<$500)
https://c1.neweggimages.com/productimage/nb300/14-125-950-S99.jpg,4.6,18.0,GIGABYTE,GIGABYTE GeForce GTX 1080 Ti FE 11GB GDDR5X PCI Express 3.0 ATX Graphics Card GV-N108TD5X-B,GV-N108TD5X-B,399.0,Free Shipping,,11.0,GTX 1000,36.27,Entry-level (<$500)
https://c1.neweggimages.com/productimage/nb300/14-126-291-V01.jpg,5.0,3.0,ASUS,ASUS Radeon VII 16GB HBM2 PCI Express 3.0 Graphics Card RADEONVII-16G,RADEONVII-16G,985.0,Free Shipping,,16.0,Other,61.56,Mid-range ($500-1200)
https://c1.neweggimages.com/productimage/nb300/14-932-496-S01.jpg,4.7,145.0,GIGABYTE,"GIGABYTE GeForce RTX 3050 GAMING OC 8G Graphics Card, 3x WINDFORCE Fans, 8GB GDDR6 128-bit GDDR6, GV-N3050GAMING OC-8GD Video Card",GV-N3050GAMING OC-8GD,399.99,Free Shipping,,8.0,RTX 3000,50.0,Entry-level (<$500)
https://c1.neweggimages.com/productimage/nb300/BP4YS2505190I68YWAB.jpg,,,ZOTAC,ZOTAC SOLID CORE OC WHITE GeForce RTX 5070 Ti 16GB 256-Bit GDDR7 PCI Express 5.0 DLSS 4.0 Graphics Card ZOTAC GEFORCE RTX 5070 Ti 16GB SOLID CORE OC WHITE,RTX 5070 Ti 16GB SOLID CORE OC WHITE,2199.99,Free Shipping,,16.0,RTX 5000,137.5,High-end (>$1200)
https://c1.neweggimages.com/productimage/nb300/14-137-401-Z01.jpg,4.6,212.0,MSI,MSI GeForce GTX 1660 6GB GDDR5 PCI Express 3.0 x16 Graphics Card GTX 1660 GAMING X 6G,GTX 1660 GAMING X 6G,365.0,Free Shipping,398.0,6.0,GTX 1600,60.83,Entry-level (<$500)
https://c1.neweggimages.com/productimage/nb300/14-126-119-S99.jpg,4.3,370.0,ASUS,ASUS Dual GeForce GTX 1070 8GB GDDR5 PCI Express 3.0 SLI Support Graphics Card DUAL-GTX1070-O8G,DUAL-GTX1070-O8G,325.0,Free Shipping,,8.0,GTX 1000,40.62,Entry-level (<$500)
https://c1.neweggimages.com/productimage/nb300/14-487-093-09.jpg,4.5,686.0,EVGA,"EVGA GeForce GTX 960 02G-P4-2962-KR 2GB SC GAMING, Only 6.8 inches, Perfect for mITX Build Graphics Card",02G-P4-2962-KR,255.0,Free Shipping,,2.0,Other,127.5,Entry-level (<$500)
https://c1.neweggimages.com/productimage/nb300/14-932-322-V01.jpg,4.2,63.0,GIGABYTE,GIGABYTE Radeon RX 5700 XT 8GB GDDR6 PCI Express 4.0 x16 ATX Graphics Card GV-R57XTGAMING OC-8GD (rev. 2.0),GVR57XTGAMINGOC8GDV2,675.0,Free Shipping,,8.0,Other,84.38,Mid-range ($500-1200)
https://c1.neweggimages.com/productimage/nb300/BDCAS22102507QY6XB7.jpg,,,ZOTAC,"ZOTAC GAMING GeForce RTX 4090 Trinity 24GB GDDR6X 384-bit 21 Gbps PCIE 4.0 Gaming Graphics Card, IceStorm 3.0 Advanced Cooling, SPECTRA 2.0 RGB Lighting, ZT-D40900D-10P",RTX 4090 Trinity 24GB,3499.0,Free Shipping,,24.0,RTX 4000,145.79,High-end (>$1200)
https://c1.neweggimages.com/productimage/nb300/14-127-545-02.jpg,4.3,76.0,MSI,MSI Radeon HD 6870 1GB GDDR5 PCI Express 2.1 x16 CrossFireX Support Graphics Card R6870 Twin Frozr II,R6870 Twin Frozr II,286.0,Free Shipping,,1.0,Other,286.0,Entry-level (<$500)
https://c1.neweggimages.com/productimage/nb300/14-487-050-02.jpg,4.3,99.0,EVGA,EVGA GeForce GT 730 1GB GDDR5 PCI Express 2.0 Graphics Card 01G-P3-3736-KR,01G-P3-3736-KR,104.99,Free Shipping,,1.0,Other,104.99,Entry-level (<$500)
https://c1.neweggimages.com/productimage/nb300/14-133-544-V05.jpg,,,PNY,PNY GeForce RTX 2080 Ti 11GB Blower Graphics Card,VCG2080T11BLMPB,695.0,Free Shipping,,11.0,Other,63.18,Mid-range ($500-1200)
https://c1.neweggimages.com/productimage/nb300/14-125-955-Z01.jpg,4.2,52.0,GIGABYTE,GIGABYTE GeForce GTX 1080 Ti 11GB GDDR5X PCI Express 3.0 x16 ATX Graphics Card GV-N108TGAMING OC-11GD,GV-N108TGAMING OC-11,399.0,Free Shipping,,11.0,GTX 1000,36.27,Entry-level (<$500)
https://c1.neweggimages.com/productimage/nb300/14-932-359-V06.jpg,4.6,669.0,GIGABYTE,"GIGABYTE AORUS GeForce RTX 3070 MASTER 8GB Video Card, GV-N3070AORUS M-8GD",GV-N3070AORUS M-8GD,735.0,Free Shipping,,8.0,RTX 3000,91.88,Mid-range ($500-1200)
https://c1.neweggimages.com/productimage/nb300/ARUXS210923787C7.jpg,,,ASUS,Asus PH-GTX1050TI-4G GeForce GTX 1050 Ti 4GB Phoenix Fan Edition Graphics Card,Asus PH-GTX1050TI-4G GeForce GTX 1050 Ti,348.0,Free Shipping,,4.0,GTX 1000,87.0,Entry-level (<$500)
https://c1.neweggimages.com/productimage/nb300/BP4YS2604030E9KVJA8.jpg,,,ASUS,"ASUS TX Gaming GeForce RTX 5060 Ti HATSUNE MIKU Edition Gaming Graphics Card (PCIe 5.0, 8GB GDDR7, DLSS 4, HDMI 2.1b, DisplayPort 2.1b, AI performance 758TOPs), TX-RTX5060 Ti-8G-GAMING-HATSUNE MIKU",TX-RTX5060 Ti-8G-GAMING-HATSUNE MIKU-1,999.99,Free Shipping,,8.0,RTX 5000,125.0,Mid-range ($500-1200)
https://c1.neweggimages.com/productimage/nb300/AVWRS2401260DG9IG74.jpg,3.0,2.0,PELADN,PELADN RX 550 4GB Video Card GDDR5 1183MHz 512processors PCI Express 3.0 video cards DirectX12 HDMI+DP+DVI Gaming Graphics Card,PELADN RX 550,99.0,Free Shipping,,4.0,Other,24.75,Entry-level (<$500)
https://c1.neweggimages.com/productimage/nb300/14-137-969-03.jpg,4.9,22.0,MSI,MSI Gaming GeForce RTX 5060 8GB GDDR7 PCI Express 5.0 x 16 (use x8) Graphics Card RTX 5060 8G GAMING TRIO OC WHITE,RTX 5060 8G GAMING TRIO OC WHITE,677.06,Free Shipping,,8.0,RTX 5000,84.63,Mid-range ($500-1200)
https://c1.neweggimages.com/productimage/nb300/V1DSD22050213X9CQ51.jpg,,,HP,HP NVIDIA T400 2GB GDDR6 Low-profile PCIe Graphics Card 340K8AA,340K8AA,219.0,Free Shipping,,2.0,Other,109.5,Entry-level (<$500)
https://c1.neweggimages.com/productimage/nb300/14-126-520-01.jpg,4.8,80.0,ASUS,ASUS TUF Gaming GeForce RTX 3060 Ti V2 OC Edition 8GB GDDR6 PCI Express 4.0 Video Card TUF-RTX3060TI-O8G-V2-GAMING (LHR),TUF-3060TI-O8G-V2-GA,530.0,Free Shipping,,8.0,RTX 3000,66.25,Mid-range ($500-1200)
https://c1.neweggimages.com/productimage/nb300/14-137-328-V01.jpg,3.5,2.0,MSI,MSI Radeon RX Vega 56 8GB HBM2 PCI Express x16 CrossFireX Support Graphics Card Vega 56 AIR BOOST 8G,Vega 56 AIR BOOST 8G,329.0,Free Shipping,,8.0,Other,41.12,Entry-level (<$500)
https://c1.neweggimages.com/productimage/nb300/BP4YS2605010R8S1Z70.jpg,,,NVIDIA,"NVIDIA RTX A2000 12GB Graphics card,Quick start Guide,Support Guide, LP I/O bracket attached + ATX I",NVIDIA RTX A2000 12GB,769.0,Free Shipping,,12.0,Other,64.08,Mid-range ($500-1200)
https://c1.neweggimages.com/productimage/nb300/BG5RS2212081DMOCW28.jpg,,,NVIDIA,NVIDIA GeForce RTX 4080 Founders Edition Graphics Card 16GB GDDR6X - Titanium and Black,900-1G136-2560-000,1745.0,Free Shipping,,16.0,RTX 4000,109.06,High-end (>$1200)
https://c1.neweggimages.com/productimage/nb300/BJXUS2305040HKSLP84.jpg,,,SRhonyra,"SRhonyra GTX 750 Ti 4GB Graphics Card, 4 HDMI Outputs, Dual-slot-width 128-bit GPU for Quad Setup. Built for stock trading, screen splicing, monitoring, etc. Powered by PCI Express 3.0 16X",SR75T4H41-1,129.0,Free Shipping,199.99,4.0,Other,32.25,Entry-level (<$500)
https://c1.neweggimages.com/productimage/nb300/BP4YS250420150M4G6B.jpg,,,ASUS,ASUS ROG Astral LC GeForce RTX 5090 32GB GDDR7 OC Edition ROG-ASTRAL-LC-RTX5090-O32G-GAMING DLSS 4.0 PCI Express 5.0 Graphics Card,ROG-ASTRAL-LC-RTX5090-O32G-GAMING OC,6999.0,,,32.0,RTX 5000,218.72,High-end (>$1200)
https://c1.neweggimages.com/productimage/nb300/AZUES240422080CL024.jpg,3.8,5.0,Yeston,Yeston Radeon RX 7700 XT 12G GDDR6 video cards Desktop computer PC Video Graphics Cards support PCI-Express 4.0 3*DP+1*HDMI-compatible RGB light effect Fragrant graphics card RX 7700XT,RX7700XT-12G SA,569.0,Free Shipping,579.0,,RX 7000,,Mid-range ($500-1200)
https://c1.neweggimages.com/productimage/nb300/AA4T_131717391380747831GrEgkiW19l.jpg,5.0,1.0,NVIDIA,HP nVidia Tesla P40 GPU 24GB GDDR5 PCIE x16 870919-001 872323-001 Q0V80A,Q0V80A,419.99,Free Shipping,425.99,24.0,Other,17.5,Entry-level (<$500)
https://c1.neweggimages.com/productimage/nb300/BF9VS23090607L9KIA6.jpg,,,MSI,REFURBISHED MSI Ventus GeForce RTX 3060 12GB GDDR6 PCI Express 4.0 Video Card RTX 3060 Ventus 3X 12G OC,RTX3060 VenTUS 3X 12G,445.0,Free Shipping,,12.0,RTX 3000,37.08,Entry-level (<$500)
https://c1.neweggimages.com/productimage/nb300/14-932-287-V03.jpg,4.4,12.0,GIGABYTE,GIGABYTE GeForce GTX 1650 4GB GDDR6 PCI Express 3.0 x16 mini-ITX Graphics Card GV-N1656OC-4GD,GV-N1656OC-4GD,340.0,Free Shipping,,4.0,GTX 1600,85.0,Entry-level (<$500)
https://c1.neweggimages.com/productimage/nb300/BJXUD2508080MD4JPCC.jpg,,,SRhonyra,"SRhonyra GTX 1060 6GB Graphics Card 192 Bits GDDR5 PCIe 3.0 x16 Slot 6-Pin PCIe Cable Connector for Gaming Desktop PC Dual Slot Width DP,HDMI and DVI-D Display Ports",SR106D5M6G1,149.59,Free Shipping,159.95,6.0,GTX 1000,24.93,Entry-level (<$500)
https://c1.neweggimages.com/productimage/nb300/AGBAS2512080JUDYCC2.jpg,,,GIGABYTE,Gigabyte AORUS GeForce RTX 5090 MASTER ICE 32G GV-N5090AORUSM ICE-32GD GDDR7 video card,1.GV-N5090AORUSM ICE-32GD,5899.99,Free Shipping,,,RTX 5000,,High-end (>$1200)
https://c1.neweggimages.com/productimage/nb300/14-126-122-V02.jpg,4.0,84.0,ASUS,ASUS GeForce GTX 1060 6GB GDDR5 PCI Express 3.0 Graphics Card DUAL-GTX1060-O6G,DUAL-GTX1060-O6G,399.0,Free Shipping,,6.0,GTX 1000,66.5,Entry-level (<$500)
https://c1.neweggimages.com/productimage/nb300/AA4TS2203011CNVDQA9.jpg,,,PNY,PNY nVidia T600 4Gb GDDR6 128-bit PCIe16 4xminiDP 900-5G172-1721-000 RVCNT600ATX,RVCNT600ATX,188.46,$29.99 Shipping,,,Other,,Entry-level (<$500)
https://c1.neweggimages.com/productimage/nb300/14-487-550-V30.jpg,4.8,178.0,EVGA,"EVGA GeForce RTX 3070 Ti FTW3 ULTRA GAMING Video Card, 08G-P5-3797-KL, 8GB GDDR6X, iCX3 Technology, ARGB LED, Metal Backplate",08G-P5-3797-KL,795.0,Free Shipping,,8.0,RTX 3000,99.38,Mid-range ($500-1200)
https://c1.neweggimages.com/productimage/nb300/BP4YS23102508TVCB71.jpg,,,GIGABYTE,GIGABYTE WINDFORCE GeForce RTX 4070 12GB GDDR6X PCI Express 4.0 x16 ATX Video Card GV-N4070WF3OC-12GD,GV-N4070WF3OC-12GD-01,799.99,Free Shipping,,12.0,RTX 4000,66.67,Mid-range ($500-1200)
https://c1.neweggimages.com/productimage/nb300/14-932-449-01.jpg,4.6,200.0,GIGABYTE,GIGABYTE Gaming OC GeForce RTX 3070 8GB GDDR6 PCI Express 4.0 ATX Video Card GV-N3070GAMING OC-8GD (rev. 2.0) (LHR),GV-N3070GAMING OC-8G,555.84,Free Shipping,,8.0,RTX 3000,69.48,Mid-range ($500-1200)
https://c1.neweggimages.com/productimage/nb300/14-932-808-03.jpg,4.8,158.0,GIGABYTE,GIGABYTE Gaming Radeon RX 9060 XT 16GB GDDR6 PCI Express 5.0 x16 ATX Graphics Card GV-R9060XTGAMING-16GD RX 9060XT,GV-R9060XTGAMING-16GD,759.0,Free Shipping,,16.0,RX 9000,47.44,Mid-range ($500-1200)
https://c1.neweggimages.com/productimage/nb300/14-133-563-08.jpg,4.5,21.0,PNY,"PNY GeForce GTX 980 4GB CG EDITION, VCGGTX9804XPB-CG",VCGGTX9804XPB-CG,385.0,Free Shipping,,4.0,Other,96.25,Entry-level (<$500)
https://c1.neweggimages.com/productimage/nb300/BGFDS2304220IM81173.jpg,,,GIGABYTE,"REFURBISHED GIGABYTE AORUS GeForce RTX 3060 ELITE 12G Graphics Card, 3 x WINDFORCE Fans, 12GB 192-bit GDDR6, GV-N3060AORUS E-12GD Video Card",GV-N3060AORUS E-12GD,349.99,,,12.0,RTX 3000,29.17,Entry-level (<$500)
https://c1.neweggimages.com/productimage/nb300/AJEPS2608061DB9IZ6B.jpg,,,GIGABYTE,"REFURBISHED GIGABYTE GeForce RTX 3060 Ti EAGLE OC 8GB Video Card, GV-N306TEAGLE OC-8GD (rev. 1.0)",GV-N306TEAGLE OC-8GD,349.99,,,8.0,RTX 3000,43.75,Entry-level (<$500)
https://c1.neweggimages.com/productimage/nb300/14-500-581-18.jpg,4.4,63.0,ZOTAC,"ZOTAC GAMING GeForce RTX 4080 SUPER Trinity OC White Edition DLSS 3 16GB GDDR6X 256-bit 23 Gbps PCIE 4.0 Gaming Graphics Card, IceStorm 2.0 Advanced Cooling, SPECTRA RGB Lighting, ZT-D40820Q-10P",ZT-D40820Q-10P,1799.0,Free Shipping,,16.0,RTX 4000,112.44,High-end (>$1200)
https://c1.neweggimages.com/productimage/nb300/APMXS2506030W132ID4.jpg,,,MSI,REFURBISHED MSI EXPERT GeForce RTX 4080 SUPER Video Card RTX 4080 SUPER 16G EXPERT,RTX 4080 SUPER 16G EXPERT,2298.98,Free Shipping,,,RTX 4000,,High-end (>$1200)
https://c1.neweggimages.com/productimage/nb300/BDKWS2602051ELG87A2.jpg,,,NVIDIA,REFURBISHED NVIDIA RTX 4000 ADA Generation 20GB GDDR6 PCIe 4.0 GPU Card Advanced Processing Without Bracket,NVIDIA RTX 4000 ADA Generation 20GB,1299.99,Free Shipping,,20.0,RTX Ada (Pro),65.0,High-end (>$1200)
https://c1.neweggimages.com/productimage/nb300/14-932-489-V01.jpg,,,GIGABYTE,"REFURBISHED GIGABYTE GeForce RTX 3080 GAMING OC 12G Graphics Card, 3 x WINDFORCE Fans, 12GB 384-bit GDDR6X, GV-N3080GAMING OC-12GD Video Card",GV-N3080GAMING OC-12GD,429.99,Free Shipping,,12.0,RTX 3000,35.83,Entry-level (<$500)
https://c1.neweggimages.com/productimage/nb300/14-202-005-02.jpg,4.1,38.0,Sapphire Tech,USED - VERY GOOD SAPPHIRE Vapor-X Radeon HD 7970 GHz Edition 6GB GDDR5 PCI Express 3.0 x16 CrossFireX Support Graphics Card 100351-6GVXSR,100351-6GVXSR,159.99,Free Shipping,,6.0,Other,26.67,Entry-level (<$500)
https://c1.neweggimages.com/productimage/nb300/14-133-865-22.jpg,4.9,9.0,PNY,PNY GeForce RTX 4070 Ti SUPER 16GB VERTO Overclocked Triple Fan DLSS 3 VCG4070TS16TFXPB1-O,VCG4070TS16TFXPB1-O,1370.0,Free Shipping,,16.0,RTX 4000,85.62,High-end (>$1200)
https://c1.neweggimages.com/productimage/nb300/14-932-611-V01.jpg,5.0,3.0,GIGABYTE,REFURBISHED GIGABYTE WINDFORCE GeForce RTX 4070 12GB GDDR6X PCI Express 4.0 x16 ATX Graphics Card GV-N4070WF3OC-12GD G10-R,GV-N4070WF3OC-12GD G10-R,699.99,Free Shipping,,12.0,RTX 4000,58.33,Mid-range ($500-1200)
https://c1.neweggimages.com/productimage/nb300/14-126-353-V01.jpg,4.1,30.0,ASUS,USED - VERY GOOD ASUS GeForce GTX 1660 SUPER Overclocked 6GB Phoenix Fan Edition HDMI DP DVI Graphics Card (PH-GTX1660S-O6G),PH-GTX1660S-O6G,199.99,,,6.0,GTX 1600,33.33,Entry-level (<$500)
https://c1.neweggimages.com/productimage/nb300/14-121-710-04.jpg,4.1,18.0,ASUS,ASUS GeForce GTX 650 1GB GDDR5 PCI Express 3.0 x16 Graphics Card GTX650-E-1GD5,GTX650-E-1GD5,247.0,Free Shipping,,1.0,Other,247.0,Entry-level (<$500)
https://c1.neweggimages.com/productimage/nb300/AD7H_1_20181115434657929.jpg,,,GIGABYTE,Gigabyte GTX 1060 D5 6GB GDDR5 Graphics Card (GV-N1060D5-6GD),GV-N1060D5-6GD,299.0,Free Shipping,,6.0,GTX 1000,49.83,Entry-level (<$500)
https://c1.neweggimages.com/productimage/nb300/BM9SS2606120GX1P169.jpg,,,GUNNIR,"GUNNIR Intel Arc A580 Index 8GB GDDR6 ATX Gaming Graphics Card (PCIe 4.0, 8GB GDDR6, XeSS, HDMI 2.0*1, DisplayPort 2.0*3)",A580 Index 8GB,249.0,Free Shipping,,8.0,Other,31.12,Entry-level (<$500)
https://c1.neweggimages.com/productimage/nb300/1FT-000M-00474-02.jpg,,,ZOTAC,ZOTAC Gaming GeForce RTX 5070 Ti Solid SFF OC 16GB GDDR7 Video Graphics Card - OEM,ZT-B50710J3-10A,1299.99,Free Shipping,,16.0,RTX 5000,81.25,High-end (>$1200)
https://c1.neweggimages.com/productimage/nb300/14-126-793-01.png,4.8,61.0,ASUS,ASUS PRIME GeForce RTX 5060 Ti 8GB 128-Bit GDDR7 PCI Express 5.0 x8 DLSS 4.0 Graphics Card PRIME-RTX5060TI-O8G,PRIME-RTX5060TI-O8G,609.99,Free Shipping,,8.0,RTX 5000,76.25,Mid-range ($500-1200)
https://c1.neweggimages.com/productimage/nb300/14-137-111-Z01.jpg,2.9,71.0,MSI,MSI GeForce GTX 1080 Ti 11GB GDDR5X PCI Express 3.0 x16 SLI Support Graphics Card GeForce GTX 1080 TI ARMOR 11G OC,GTX1080TiARMOR11GOC,399.0,Free Shipping,,11.0,GTX 1000,36.27,Entry-level (<$500)
https://c1.neweggimages.com/productimage/nb300/14-150-861-V01.jpg,4.5,76.0,XFX,XFX SPEEDSTER SWFT210 Radeon RX 6600 XT 8GB GDDR6 PCI Express 4.0 Graphics Card RX-66XT8DFDQ,RX-66XT8DFDQ,599.0,Free Shipping,,8.0,RX 6000,74.88,Mid-range ($500-1200)
https://c1.neweggimages.com/productimage/nb300/14-130-944-18.jpg,4.5,77.0,EVGA,EVGA 04G-P4-3768-KR G-SYNC Support GeForce GTX 760 FTW 4GB 256-bit GDDR5 PCI Express 3.0 SLI Support Video Card w/ EVGA ACX Cooler,04G-P4-3768-KR,454.0,Free Shipping,,4.0,Other,113.5,Entry-level (<$500)
https://c1.neweggimages.com/productimage/nb300/14-130-734-03.jpg,3.0,12.0,REFURBISHED,REFURBISHED EVGA GeForce 8400 GS 1GB DDR3 PCI Express 2.0 x16 SLI Support Graphics Card 01G-P3-1302-RX,01G-P3-1302-RX,39.99,Free Shipping,,1.0,Other,39.99,Entry-level (<$500)
https://c1.neweggimages.com/productimage/nb300/BP4YS2503080IXNI63F.jpg,,,Sapphire Tech,SAPPHIRE Tech NITRO+ Radeon RX 7800 XT 16GB GDDR6 PCI Express 4.0 x16 ATX Graphics Card 11330-01-20G,NITRO+ 7800XT,798.82,Free Shipping,,16.0,RX 7000,49.93,Mid-range ($500-1200)
https://c1.neweggimages.com/productimage/nb300/14-126-446-V01.jpg,4.5,23.0,ASUS,ASUS Phoenix GeForce GTX 1650 4GB GDDR6 PCI Express 3.0 Graphics Card PH-GTX1650-O4GD6,PH-GTX1650-O4GD6,260.93,Free Shipping,,4.0,GTX 1600,65.23,Entry-level (<$500)
https://c1.neweggimages.com/productimage/nb300/14-126-468-V15.jpg,4.5,27.0,ASUS,ASUS Dual GeForce RTX 3060 Ti 8GB GDDR6 PCI Express 4.0 Graphics Card DUAL-RTX3060TI-O8G,DUAL-RTX3060TI-O8G,569.0,Free Shipping,,8.0,RTX 3000,71.12,Mid-range ($500-1200)
https://c1.neweggimages.com/productimage/nb300/BP4YS2604080EZ5EH4E.jpg,,,ASUS,"ASUS TUF Gaming Radeon RX 7900 XT, 20GB GDDR6 Graphics Card (PCIe 4.0, 20GB GDDR6, HDMI 2.1a, DisplayPort 2.1), TUF-RX7900XT-20G-GAMING",TUF-RX7900XT-20G-GAMING-2,1099.99,Free Shipping,,20.0,RX 7000,55.0,Mid-range ($500-1200)
https://c1.neweggimages.com/productimage/nb300/C3VHD2603190J17TFF3.jpg,,,MSI,REFURBISHED MSI Radeon RX 6650 XT MECH 2X 8G OC GDDR6 128bit Video Card,1975388,448.02,$10.00 Shipping,,,RX 6000,,Entry-level (<$500)
https://c1.neweggimages.com/productimage/nb300/BP4YS2504070JCCQV6A.jpg,,,ASUS,"ASUS ROG Strix GeForce RTX 4070 SUPER Gaming Graphics Card (PCIe 4.0, 12GB GDDR6X, DLSS 3, HDMI 2.1a, DisplayPort 1.4a, Aura Sync) ROG-STRIX-RTX4070S-12G-GAMING",4070S ROG STRIX QX,1017.53,Free Shipping,,12.0,RTX 4000,84.79,Mid-range ($500-1200)
https://c1.neweggimages.com/productimage/nb300/ADFRD2408161BF6D54A.jpg,,,GIGABYTE,REFURBISHED GIGABYTE Radeon RX 6600 XT Gaming OC 8GB GDDR6 GV-R66XTGAMING OC-8GD Video Graphic Card GPU,GV-R66XTGAM OC-8GD-R,319.0,Free Shipping,,8.0,RX 6000,39.88,Entry-level (<$500)
https://c1.neweggimages.com/productimage/nb300/BP4YS230801020PJP02.jpg,5.0,1.0,ASUS,"ASUS ROG Strix GeForce RTX 4080 OC Edition Gaming Graphics Card (PCIe 4.0, 16GB GDDR6X, HDMI 2.1a, DisplayPort 1.4a) ROG-STRIX-RTX4080-O16G-GAMING",ROG-STRIX-RTX4080-O16G-GAMING-12,1610.0,Free Shipping,,16.0,RTX 4000,100.62,High-end (>$1200)
https://c1.neweggimages.com/productimage/nb300/14-131-787-V08.jpg,5.0,1.0,PowerColor,PowerColor Hellhound Radeon RX 6600 XT 8GB GDDR6 PCI Express 4.0 ATX Graphics Card 6600XT 8GBD6-3DHL/OC,6600XT 8GBD6-3DHL/OC,479.0,Free Shipping,,8.0,RX 6000,59.88,Entry-level (<$500)
https://c1.neweggimages.com/productimage/nb300/BM9SS2411070L0M2Y6B.jpg,,,GUNNIR,"GUNNIR Intel Arc A750 Photon 8G OC Gaming Graphics Card (PCIe 4.0, 8GB GDDR6, HDMI 2.0, DisplayPort 2.0) Black",A750 Photon 8G OC,279.0,Free Shipping,,8.0,Other,34.88,Entry-level (<$500)
https://c1.neweggimages.com/productimage/nb300/C3VHD2603190IYNBYAB.jpg,,,MSI,REFURBISHED MSI Radeon RX 470 GAMING X 8G GDDR5 256bit PCI Express 3.0 16X Video Card,1159148,164.22,$10.00 Shipping,,,Other,,Entry-level (<$500)
https://c1.neweggimages.com/productimage/nb300/14-202-409-02.jpg,4.6,130.0,Sapphire Tech,SAPPHIRE PULSE Radeon RX 6600 8GB GDDR6 PCI Express 4.0 ATX Graphics Card 11310-01-20G,11310-01-20G,490.0,Free Shipping,,8.0,RX 6000,61.25,Entry-level (<$500)
https://c1.neweggimages.com/productimage/nb300/14-125-962-Z01.jpg,3.7,92.0,GIGABYTE,GIGABYTE Radeon RX 580 8GB GDDR5 PCI Express 3.0 x16 ATX Graphics Card GV-RX580GAMING-8GD,GV-RX580GAMING-8GD,495.0,Free Shipping,,8.0,Other,61.88,Entry-level (<$500)
https://c1.neweggimages.com/productimage/nb300/BP4YS26010802643923.jpg,,,ASUS,ASUS Dual GeForce RTX 3060 12GB GDDR6 PCI Express 4.0 Graphics Card DUAL-RTX3060-O12G-V2,DUAL-RTX3060-O12G-V2 GPU,499.99,Free Shipping,,12.0,RTX 3000,41.67,Entry-level (<$500)
https://c1.neweggimages.com/productimage/nb300/14-126-465-S02.jpg,5.0,2.0,ASUS,ASUS TUF Gaming GeForce GTX 1660 SUPER 6GB GDDR6 PCI Express 3.0 Graphics Card TUF-GTX1660S-6G-GAMING,TUF-GTX1660S-6G-GAMI,369.0,Free Shipping,,6.0,GTX 1600,61.5,Entry-level (<$500)
https://c1.neweggimages.com/productimage/nb300/AZUES211020C562E.jpg,4.7,3.0,Yeston,Yeston Radeon RX 550 4GB GDDR5 1183MHz 512processors PCIExpress 3.0 DirectX12 video cards Double slot DP+HDMI compatible +DVI-D graphics card of Desktop,Yeston RX550 4GD5 TD,129.0,Free Shipping,,4.0,Other,32.25,Entry-level (<$500)
https://c1.neweggimages.com/productimage/nb300/14-121-724-09.jpg,4.6,47.0,ASUS,ASUS GeForce GTX TITAN 6GB GDDR5 PCI Express 3.0 SLI Support Graphics Card GTXTITAN-6GD5,GTXTITAN-6GD5,399.0,Free Shipping,,6.0,Other,66.5,Entry-level (<$500)
https://c1.neweggimages.com/productimage/nb300/14-487-130-09.jpg,4.8,59.0,EVGA,"EVGA GeForce GTX TITAN X 12G-P4-2992-KR 12GB SC GAMING, Play 4k with Ease Graphics Card",12G-P4-2992-KR,399.0,Free Shipping,,12.0,Other,33.25,Entry-level (<$500)
https://c1.neweggimages.com/productimage/nb300/BTK0S2506180FMMTVF3.jpg,,,MSI,REFURBISHED MSI Ventus GeForce RTX 4070 Graphics Card RTX 4070 VENTUS 2X E1 12G OC,RTX 4070 VENTUS 2X E1 12G OC,709.99,Free Shipping,,,RTX 4000,,Mid-range ($500-1200)
https://c1.neweggimages.com/productimage/nb300/ADFRS2211261FCT1R4E.jpg,,,ASUS,REFURBISHED ASUS GeForce GTX 1660 Super 6GB Phoenix PH-GTX1660S-O6G Video Graphics Card GPU,PH-GTX1660S-O6G,179.99,Free Shipping,,6.0,GTX 1600,30.0,Entry-level (<$500)
https://c1.neweggimages.com/productimage/nb300/14-121-775-04.jpg,3.9,193.0,ASUS,ASUS GTX760-DC2OC-2GD5 G-SYNC Support GeForce GTX 760 2GB 256-Bit GDDR5 PCI Express 3.0 x16 HDCP Ready SLI Support Video Card,GTX760-DC2OC-2GD5,279.0,Free Shipping,,2.0,Other,139.5,Entry-level (<$500)
https://c1.neweggimages.com/productimage/nb300/BP4YS2605270KLEF46D.jpg,,,NVIDIA,"NVIDIA RTX 5000 Ada 32GB Graphic Card, Quadro 900-5G132-2240-000-01 32GB GDDR6 , RTX 5000 Ada generation 32GB Video card",RTX 5000 Ada generation 32GB,4580.0,Free Shipping,,32.0,RTX Ada (Pro),143.12,High-end (>$1200)
https://c1.neweggimages.com/productimage/nb300/14-932-278-Z01.jpg,,,GIGABYTE,REFURBISHED GIGABYTE GeForce RTX 2060 SUPER 8GB GDDR6 PCI Express 3.0 x16 ATX Graphics Card GV-N206SGAMING OC-8GC,GV-N206SGAMINGOC-8GC,267.5,$30.00 Shipping,,8.0,Other,33.44,Entry-level (<$500)
https://c1.neweggimages.com/productimage/nb300/14-137-140-V01.jpg,4.3,25.0,MSI,MSI GeForce GT 1030 2GB GDDR5 PCI Express 3.0 x16 (uses x4) Low Profile Graphics Card GT 1030 2GH LP OC,GT 1030 2GH LP OC,248.0,Free Shipping,,2.0,Other,124.0,Entry-level (<$500)
https://c1.neweggimages.com/productimage/nb300/BM9SS2411070KPAAV8C.jpg,,,GUNNIR,"GUNNIR Intel Arc A750 Photon 8G OC W Gaming Graphics Card (PCIe 4.0, 8GB GDDR6, HDMI 2.0, DisplayPort 2.0) White",A750 Photon 8G OC W,299.0,Free Shipping,,8.0,Other,37.38,Entry-level (<$500)
https://c1.neweggimages.com/productimage/nb300/14-125-902-S99.jpg,4.3,485.0,GIGABYTE,GIGABYTE GeForce GTX 1060 3GB GDDR5 PCI Express 3.0 x16 ATX Graphics Card GV-N1060G1 GAMING-3GD 2.0,GV-N1060G1GAMING-3GD,329.0,Free Shipping,,3.0,GTX 1000,109.67,Entry-level (<$500)
https://c1.neweggimages.com/productimage/nb300/14-137-936-05.jpg,4.7,210.0,MSI,MSI VANGUARD GeForce RTX 5070 12GB GDDR7 PCI Express 5.0 ATX Graphics Card RTX 5070 12G VANGUARD SOC,RTX 5070 12G VANGUARD SOC,1231.9,Free Shipping,,12.0,RTX 5000,102.66,High-end (>$1200)
https://c1.neweggimages.com/productimage/nb300/ADFRD24062813MV084D.jpg,,,GIGABYTE,REFURBISHED GIGABYTE Radeon RX 6400 Eagle 4GB GDDR6 GV-R64EAGLE-4GD Video Graphic Card GPU,GV-R64EAGLE-4GD-R,188.0,Free Shipping,,4.0,RX 6000,47.0,Entry-level (<$500)
https://c1.neweggimages.com/productimage/nb300/C0JHS2605290K6PSP1C.jpg,,,SongryVGA,"SongryVGA RX 5600 XT 6GB GDDR6 Graphics Card PCIe 4.0 x16, 6 HDMI Outputs, 192-Bit, 1500 MHz, Multi Monitor Support for Stock Trading and Video Wall Display",RX 5600 XT 6G 6H,365.55,Free Shipping,426.85,6.0,Other,60.92,Entry-level (<$500)
https://c1.neweggimages.com/productimage/nb300/ADFRD2408071AQ43D4F.jpg,,,AMD,REFURBISHED AMD Radeon RX 6800 XT Reference 16GB GDDR6 RX 6800 XT Video Graphic Card GPU,6800 XT-R,469.99,Free Shipping,,16.0,RX 6000,29.37,Entry-level (<$500)
https://c1.neweggimages.com/productimage/nb300/14-137-028-09.jpg,3.6,5.0,MSI,USED - VERY GOOD MSI Radeon RX 460 2GB GDDR5 PCI Express 3.0 x16 CrossFireX Support Graphics Card RX 460 2G OC,RX 460 2G OC,99.99,Free Shipping,,2.0,Other,50.0,Entry-level (<$500)
https://c1.neweggimages.com/productimage/nb300/14-126-588-V13.jpg,4.6,167.0,ASUS,ASUS TUF Gaming OC Edition GeForce RTX 3050 8GB GDDR6 PCI Express 4.0 Graphics Card TUF-RTX3050-O8G-GAMING,TUF-RTX3050-O8G-GAMING,380.0,Free Shipping,,8.0,RTX 3000,47.5,Entry-level (<$500)
https://c1.neweggimages.com/productimage/nb300/14-130-394-02.jpg,4.5,204.0,EVGA,EVGA GeForce 8600 GTS 256MB GDDR3 PCI Express x16 SLI Support Graphics Card 256-P2-N761-TR,256-P2-N761-TR,275.0,Free Shipping,,,Other,,Entry-level (<$500)
https://c1.neweggimages.com/productimage/nb300/14-126-795-28.png,4.8,61.0,ASUS,ASUS PRIME GeForce RTX 5060 Ti 16GB 128-Bit GDDR7 PCI Express 5.0 x8 DLSS 4.0 Graphics Card PRIME-RTX5060TI-O16G,PRIME-RTX5060TI-O16G,829.99,Free Shipping,,16.0,RTX 5000,51.87,Mid-range ($500-1200)
https://c1.neweggimages.com/productimage/nb300/14-137-913-07.jpg,4.5,248.0,MSI,MSI Ventus GeForce RTX 5080 16GB GDDR7 PCI Express 5.0 Graphics Card RTX 5080 16G VENTUS 3X OC PLUS,RTX 5080 16G VENTUS 3X OC PLUS,1999.0,Free Shipping,,16.0,RTX 5000,124.94,High-end (>$1200)
https://c1.neweggimages.com/productimage/nb300/BP4YS2504190NMECKE2.jpg,,,ASUS,ASUS PRIME GeForce RTX 5080 16GB GDDR7 OC Edition PRIME-RTX5080-O16G PCI-Express 5.0 DLSS 4.0 Graphics Card,PRIME-RTX5080-O16G OC,1694.99,Free Shipping,,16.0,RTX 5000,105.94,High-end (>$1200)
https://c1.neweggimages.com/productimage/nb300/14-932-791-01.jpg,4.5,115.0,GIGABYTE,GIGABYTE WindForce GeForce RTX 5060 Ti 16GB GDDR7 PCI Express 5.0 x8 ATX Graphics Card GV-N506TWF2-16GD,GV-N506TWF2-16GD,968.06,Free Shipping,,16.0,RTX 5000,60.5,Mid-range ($500-1200)
https://c1.neweggimages.com/productimage/nb300/14-932-771-02.jpg,4.8,241.0,GIGABYTE,GIGABYTE WindForce GeForce RTX 5070 Ti 16GB GDDR7 PCI Express 5.0 ATX Graphics Card GV-N507TWF3-16GD,GV-N507TWF3-16GD,1238.39,Free Shipping,,16.0,RTX 5000,77.4,High-end (>$1200)
https://c1.neweggimages.com/productimage/nb300/AJEPS2408110CXYT0ED.jpg,,,GIGABYTE,"REFURBISHED GIGABYTE GeForce RTX 3050 OC Low Profile 6G Graphics Card, 2x WINDFORCE Fans, 6GB GDDR6 96-bit GDDR6, GV-N3050OC-6GL Video Card",GV-N3050OC-6GL,299.0,Free Shipping,,6.0,RTX 3000,49.83,Entry-level (<$500)
https://c1.neweggimages.com/productimage/nb300/14-500-654-02.jpg,,,ZOTAC,ZOTAC SOLID OC GeForce RTX 5070 12GB GDDR7 PCI Express 5.0 x16 ATX Graphics Card RTX 5070 SOLID OC,ZT-B50700J-10A,829.99,Free Shipping,896.39,12.0,RTX 5000,69.17,Mid-range ($500-1200)
https://c1.neweggimages.com/productimage/nb300/BP4YS2605011EGYN939.jpg,,,NVIDIA,"NVIDIA RTX A5000 24G Graphics Card, GDDR6 ECC Memory, 384-bit, 4 x DisplayPort 1.4, Modeling and Rendering, Film and Television Post-Production",NVIDIA RTX A5000 24G,2849.0,Free Shipping,2899.0,,Other,,High-end (>$1200)
https://c1.neweggimages.com/productimage/nb300/14-127-753-08.jpg,4.6,5.0,MSI,MSI GeForce 210 1GB DDR3 PCI Express 2.0 x16 Low Profile Graphics Card N210-MD1GD3H/LP,N210-MD1GD3H/LP,65.0,$12.00 Shipping,,1.0,Other,65.0,Entry-level (<$500)
https://c1.neweggimages.com/productimage/nb300/BP4YS250401196E9K4C.jpg,,,ASUS,"ASUS ROG Strix GeForce RTX 4080 SUPER White Edition Gaming Graphics Card (PCIe 4.0, 16GB GDDR6X, DLSS 3, HDMI 2.1a, DisplayPort 1.4a, Vapor Chamber, Aura Sync) ROG-STRIX-RTX4080S-16G-WHITE",ASUS ROG-STRIX-RTX4080S-16G-WHITE NEW,1804.19,Free Shipping,,16.0,RTX 4000,112.76,High-end (>$1200)
https://c1.neweggimages.com/productimage/nb300/14-487-336-V09.jpg,4.7,514.0,EVGA,"EVGA GeForce GTX 1080 Ti SC Black Edition GAMING, 11G-P4-6393-KR, 11GB GDDR5X, iCX Cooler & LED",11G-P4-6393-KR,399.0,Free Shipping,,11.0,GTX 1000,36.27,Entry-level (<$500)
https://c1.neweggimages.com/productimage/nb300/14-133-863-13.jpg,5.0,1.0,PNY,PNY GeForce RTX 4070 SUPER 12GB VERTO Overclocked Dual Fan DLSS 3 VCG4070S12DFXPB1-O,VCG4070S12DFXPB1-O,943.0,Free Shipping,959.0,12.0,RTX 4000,78.58,Mid-range ($500-1200)
https://c1.neweggimages.com/productimage/nb300/BF9VS2306020J3IVD2C.jpg,,,GIGABYTE,REFURBISHED GIGABYTE Eagle Radeon RX 6500 XT 4GB GDDR6 PCI Express 4.0 ATX Video Card GV-R65XTEAGLE-4GD,GV-R65XTEAGLE-4GD,178.0,Free Shipping,179.0,4.0,RX 6000,44.5,Entry-level (<$500)
https://c1.neweggimages.com/productimage/nb300/ADFRD2602061BY7YMCA.jpg,,,ASUS,REFURBISHED ASUS TUF Gaming GeForce RTX 5080 16GB GDDR7 OC Gaming Video Graphics Card,TUF-RTX5080-O16G-GAMING,1499.99,,,16.0,RTX 5000,93.75,High-end (>$1200)
https://c1.neweggimages.com/productimage/nb300/14-125-871-S99.jpg,4.4,473.0,GIGABYTE,GIGABYTE GeForce GTX 1070 DirectX 12 GV-N1070G1 GAMING-8GD R2 256-Bit GDDR5 PCI Express 3.0 x16 SLI Support ATX Video Card,GV-N1070G1 GAMING-8G,325.0,Free Shipping,,,GTX 1000,,Entry-level (<$500)
https://c1.neweggimages.com/productimage/nb300/14-500-503-02.jpg,4.5,18.0,ZOTAC,"ZOTAC GAMING GeForce RTX 3090 Trinity 24GB GDDR6X 384-bit 19.5 Gbps PCIE 4.0 Gaming Graphics Card, IceStorm 2.0 Advanced Cooling, SPECTRA 2.0 RGB Lighting, ZT-A30900D-10P",ZT-A30900D-10P,1999.0,Free Shipping,2099.0,24.0,RTX 3000,83.29,High-end (>$1200)
https://c1.neweggimages.com/productimage/nb300/14-126-215-V02.jpg,5.0,1.0,ASUS,ASUS GeForce GT 1030 DirectX 12 GT1030-SL-2G-BRK 2GB 64-Bit GDDR5 PCI Express 3.0 HDCP Ready Video Card,GT1030-SL-2G-BRK,95.81,Free Shipping,,2.0,Other,47.9,Entry-level (<$500)
https://c1.neweggimages.com/productimage/nb300/BP4YS250530053SV3BC.jpg,,,NVIDIA,NVIDIA Tesla P40 GPU 24GB GDDR5 PCIE x16 TCSP40M-24GB-PB Content GPU Card,Tesla P40 24G,417.99,Free Shipping,419.99,24.0,Other,17.42,Entry-level (<$500)
https://c1.neweggimages.com/productimage/nb300/14-130-586-03.jpg,3.9,79.0,EVGA,EVGA 200 GeForce 210 1GB DDR3 PCI Express 2.0 x16 Low Profile Graphics Card 01G-P3-1312-LR,01G-P3-1312-LR,65.0,$12.00 Shipping,,1.0,Other,65.0,Entry-level (<$500)
https://c1.neweggimages.com/productimage/nb300/14-500-482-V01.jpg,4.7,35.0,ZOTAC,"ZOTAC GAMING GeForce GTX 1660 SUPER 6GB GDDR6 192-bit Gaming Graphics Card, Super Compact, ZT-T16620F-10L",ZT-T16620F-10L,299.0,Free Shipping,,6.0,GTX 1600,49.83,Entry-level (<$500)
https://c1.neweggimages.com/productimage/nb300/14-130-471-02.jpg,4.8,26.0,EVGA,EVGA GeForce 9400 GT 512MB DDR2 PCI Express 2.0 x16 Graphics Card 512-P3-N940-LR,512-P3-N940-LR,149.0,Free Shipping,,,Other,,Entry-level (<$500)
https://c1.neweggimages.com/productimage/nb300/ADFRD2406141AKMGXA7.jpg,,,ASUS,REFURBISHED ASUS GeForce RTX 4070 Gaming 12GB GDDR6X ROG-STRIX-RTX4070-12G-GAMING Video Graphic Card GPU,ROG-4070-12G-GAM-R,829.99,,,12.0,RTX 4000,69.17,Mid-range ($500-1200)
https://c1.neweggimages.com/productimage/nb300/BGFDS2308110TP5YS20.jpg,,,ASUS,"ASUS ROG Strix NVIDIA GeForce RTX 4070 Ti OC Edition Gaming Graphics Card (PCIe 4.0, 12GB GDDR6X, HDMI 2.1a, DisplayPort 1.4a) ROG-STRIX-RTX4070TI-O12G-GAMING",4070ti -rog strix oc,1149.0,Free Shipping,,12.0,RTX 4000,95.75,Mid-range ($500-1200)
https://c1.neweggimages.com/productimage/nb300/14-500-658-01.jpg,,,ZOTAC,ZOTAC AMP GeForce RTX 5060 8GB GDDR7 PCI Express 5.0 x8 ATX Graphics Card RTX 5060 AMP,ZT-B50600F2-10A,469.99,Free Shipping,,8.0,RTX 5000,58.75,Entry-level (<$500)
https://c1.neweggimages.com/productimage/nb300/A7U1_1_202002151190349330.jpg,,,EVGA,"EVGA GeForce GTX 580 1536 MB GDDR5 PCI Express 2.0 2DVI/Mini HDMI SLI Ready Graphics Card, 015-P3-1580-TR",h2020PB004BA117G,295.0,Free Shipping,,,Other,,Entry-level (<$500)
https://c1.neweggimages.com/productimage/nb300/14-125-923-Z01.jpg,4.7,3.0,GIGABYTE,REFURBISHED GIGABYTE GeForce GTX 1070 8GB GDDR5 PCI Express 3.0 x16 ATX Graphics Card GV-N1070G1 GAMING-8GD,GV-N1070G1 GAMING-8G,239.99,Free Shipping,,8.0,GTX 1000,30.0,Entry-level (<$500)
https://c1.neweggimages.com/productimage/nb300/14-131-795-06.jpg,,,PowerColor,PowerColor Radeon RX 6400 4GB GDDR6 PCI Express 4.0 CrossFireX Support Low Profile Graphics Card AXRX 6400 LP 4GBD6-DH,AXRX 6400 LP 4GBD6-DH,389.0,Free Shipping,,4.0,RX 6000,97.25,Entry-level (<$500)
https://c1.neweggimages.com/productimage/nb300/14-487-461-V01.jpg,4.5,243.0,EVGA,"EVGA GeForce RTX 2080 SUPER BLACK GAMING, 08G-P4-3081-KR, 8GB GDDR6",08G-P4-3081-KR,699.0,Free Shipping,,8.0,Other,87.38,Mid-range ($500-1200)
https://c1.neweggimages.com/productimage/nb300/14-127-931-07.jpg,4.4,169.0,MSI,MSI GeForce GT 710 1GB DDR3 PCI Express 2.0 x16 Low Profile Graphics Card GT 710 1GD3H LP,GT 710 1GD3H LP,99.0,$10.00 Shipping,,1.0,Other,99.0,Entry-level (<$500)
https://c1.neweggimages.com/productimage/nb300/14-126-570-V07.jpg,5.0,2.0,ASUS,ASUS GeForce GT 730 2GB GDDR5 PCI Express 2.0 Graphics Card GT730-4H-SL-2GD5,GT730-4H-SL-2GD5,130.95,Free Shipping,,2.0,Other,65.47,Entry-level (<$500)
https://c1.neweggimages.com/productimage/nb300/14-125-470-03.jpg,4.8,37.0,GIGABYTE,USED - VERY GOOD GIGABYTE GeForce GTX 760 4GB GDDR5 PCI Express 3.0 Graphics Card GV-N760OC-4GD,GV-N760OC-4GD,97.0,$30.00 Shipping,117.0,4.0,Other,24.25,Entry-level (<$500)
https://c1.neweggimages.com/productimage/nb300/A575_131691405811395306FDzLdF5xPq.jpg,,,PNY,PNY Quadro NVS 510 Graphic Card - 2 GB DDR3 SDRAM - Low-profile - Single Slot Sp,TTIVDO70,85.0,Free Shipping,,2.0,Other,42.5,Entry-level (<$500)
https://c1.neweggimages.com/productimage/nb300/14-126-525-V01.jpg,4.7,106.0,ASUS,"ASUS TUF Gaming NVIDIA GeForce RTX 3080 V2 OC Edition Graphics Card (PCIe 4.0, 10GB GDDR6X, LHR, HDMI 2.1, DisplayPort 1.4a, Dual Ball Fan Bearings, Military-grade Certification, GPU Tweak II)",TUF-RTX3080-O10G-V2-,779.0,Free Shipping,,10.0,RTX 3000,77.9,Mid-range ($500-1200)
https://c1.neweggimages.com/productimage/nb300/14-202-406-01.jpg,4.7,125.0,Sapphire Tech,SAPPHIRE PULSE Radeon RX 6600 XT 8GB GDDR6 PCI Express 4.0 ATX Graphics Card 11309-03-20G,11309-03-20G,559.0,Free Shipping,,8.0,RX 6000,69.88,Mid-range ($500-1200)
https://c1.neweggimages.com/productimage/nb300/AMYMD2112300I1UZ838.jpg,,,MSI,MSI Gaming GeForce RTX 3060 12GB 15 Gbps GDRR6 192-Bit HDMI/DP PCIe 4 Torx Twin Fan Ampere OC Graphics Card (RTX 3060 Ventus 2X 12G OC),9143257899230,679.0,Free Shipping,,12.0,RTX 3000,56.58,Mid-range ($500-1200)
https://c1.neweggimages.com/productimage/nb300/14-126-457-V01.jpg,4.7,112.0,ASUS,ASUS ROG Strix GeForce RTX 3080 10GB GDDR6X PCI Express 4.0 Graphics Card ROG-STRIX-RTX3080-O10G-GAMING,ROG-STRIX-RTX3080-O1,849.0,Free Shipping,949.0,10.0,RTX 3000,84.9,Mid-range ($500-1200)
https://c1.neweggimages.com/productimage/nb300/14-137-641-01.jpg,4.3,192.0,MSI,MSI Mech Radeon RX 6700 XT 12GB GDDR6 PCI Express 4.0 Graphics Card RX 6700 XT MECH 2X 12G,RX 6700 XT MECH 2X 12G,789.0,Free Shipping,,12.0,RX 6000,65.75,Mid-range ($500-1200)
https://c1.neweggimages.com/productimage/nb300/ADFRD22022601ORO7DC.jpg,,,ASUS,ASUS Radeon RX 5500 XT OC 8GB GDDR6 ROG-STRIX-RX5500XT-O8G-GAMING Video Graphic Card GPU - OEM,ROG-5500XT-O8G-GAM-R,495.0,Free Shipping,,8.0,Other,61.88,Entry-level (<$500)
https://c1.neweggimages.com/productimage/nb300/14-126-631-06.png,,,ASUS,"ASUS Dual GeForce GTX 1650 V2 4GB GDDR6 (PCIE 3.0, 4GB GDDR6 memory, HDMI 2.0b, DisplayPort 1.4a, DVI-D, IP5X Dust Resistant, Auto-Extreme) DUAL-GTX1650-4GD6-P-V2",DUAL-GTX1650-4GD6-P-V2,251.23,Free Shipping,,4.0,GTX 1600,62.81,Entry-level (<$500)
https://c1.neweggimages.com/productimage/nb300/AWFGD21111407JPEVE2.jpg,,,NVIDIA,NVIDIA Tesla T4 Graphic Card - 16 GB GDDR6 - Full-height - PC,shoudong9,759.99,,,16.0,Other,47.5,Mid-range ($500-1200)
https://c1.neweggimages.com/productimage/nb300/14-500-521-V01.jpg,5.0,1.0,ZOTAC,REFURBISHED ZOTAC Trinity OC GeForce RTX 3080 Ti 12GB GDDR6X PCI Express 4.0 ATX Graphics Card ZT-A30810J-10P,ZT-A30810J-10P,499.99,Free Shipping,,12.0,RTX 3000,41.67,Entry-level (<$500)
https://c1.neweggimages.com/productimage/nb300/ADFRD25010915H8R37B.jpg,,,AMD,REFURBISHED AMD Radeon WX 7100 8GB Pro GDDR5 Pro WX 7100 8GB Video Graphics Card GPU,Pro WX 7100 8GB,139.99,Free Shipping,,8.0,Other,17.5,Entry-level (<$500)
https://c1.neweggimages.com/productimage/nb300/14-932-341-02.jpg,3.5,31.0,GIGABYTE,"GIGABYTE AORUS GeForce RTX 3090 MASTER 24GB Video Card, GV-N3090AORUS M-24GD",GV-N3090AORUS M-24GD,2099.0,Free Shipping,,24.0,RTX 3000,87.46,High-end (>$1200)
https://c1.neweggimages.com/productimage/nb300/14-137-769-12.jpg,5.0,20.0,MSI,MSI Ventus GeForce RTX 3060 8GB GDDR6 PCI Express 4.0 ATX Graphics Card RTX 3060 VENTUS 2X 8G OC,RTX 3060 VENTUS 2X 8G OC,452.99,Free Shipping,,8.0,RTX 3000,56.62,Entry-level (<$500)
https://c1.neweggimages.com/productimage/nb300/AMY5S200612dl17M.jpg,,,NVIDIA,REFURBISHED NVIDIA Quadro GP100 Graphic Card - 16 GB HBM2 - Full-height - 4096 bit Bus Width - DisplayPort - DVI,Quadro GP100,499.99,Free Shipping,,16.0,Other,31.25,Entry-level (<$500)
https://c1.neweggimages.com/productimage/nb300/14-932-692-03.jpg,5.0,2.0,GIGABYTE,"GIGABYTE GeForce RTX 4070 Ti SUPER EAGLE OC ICE 16G Graphics Card, 3x WINDFORCE Fans, 16GB 256-bit GDDR6X, GV-N407TSEAGLE OC ICE-16GD Video Card",GV-N407TSEAGLE OC ICE-16GD,1357.99,Free Shipping,,16.0,RTX 4000,84.87,High-end (>$1200)
https://c1.neweggimages.com/productimage/nb300/14-932-453-V11.jpg,4.5,124.0,GIGABYTE,GIGABYTE Gaming OC PRO GeForce RTX 3060 Ti 8GB GDDR6 PCI Express 4.0 ATX Video Card GV-N306TGAMINGOC PRO-8GD (rev. 3.0) (LHR),GV-N306TGAMINGOCPRO8,619.99,Free Shipping,,8.0,RTX 3000,77.5,Mid-range ($500-1200)
https://c1.neweggimages.com/productimage/nb300/BP4YS2506290T0D5QE2.jpg,,,ASUS,"ASUS TUF Gaming NVIDIA GeForce RTX 4080 SUPER OC Edition Gaming Graphics Card (PCIe 4.0, 16GB GDDR6X, HDMI 2.1a, DisplayPort 1.4a) TUF-RTX4080S-O16G-GAMING",TUF-RTX4080S-O16G-GAMING OC,1544.68,Free Shipping,,16.0,RTX 4000,96.54,High-end (>$1200)
https://c1.neweggimages.com/productimage/nb300/14-137-484-V01.jpg,4.6,72.0,MSI,MSI Gaming GeForce GTX 1650 SUPER 4GB GDDR6 PCI Express 3.0 x16 Graphics Card GTX 1650 Super Gaming X,GTX1650SuperGamingX,420.0,Free Shipping,,4.0,GTX 1600,105.0,Entry-level (<$500)
https://c1.neweggimages.com/productimage/nb300/14-126-736-04.png,5.0,5.0,ASUS,"ASUS Dual GeForce RTX 4070 SUPER EVO 12GB GDDR6X (PCIe 4.0, 12GB GDDR6X, DLSS 3, HDMI 2.1a, DisplayPort 1.4a, 2.5-slot design, Axial-tech fan design, 0dB technology) DUAL-RTX4070S-12G-EVO",DUAL-RTX4070S-12G-EVO,994.25,Free Shipping,,12.0,RTX 4000,82.85,Mid-range ($500-1200)
https://c1.neweggimages.com/productimage/nb300/14-932-492-01.jpg,4.4,55.0,GIGABYTE,GIGABYTE Eagle Radeon RX 6500 XT 4GB GDDR6 PCI Express 4.0 ATX Graphics Card GV-R65XTEAGLE-4GD,GV-R65XTEAGLE-4GD,215.34,Free Shipping,259.99,4.0,RX 6000,53.84,Entry-level (<$500)
https://c1.neweggimages.com/productimage/nb300/14-487-069-12.jpg,4.3,1.0,EVGA,EVGA GeForce GTX 970 4GB GDDR5 PCI Express 3.0 Graphics Card 04G-P4-1970-KR,04G-P4-1970-KR,369.0,Free Shipping,,4.0,Other,92.25,Entry-level (<$500)
https://c1.neweggimages.com/productimage/nb300/14-121-822-06.jpg,4.5,30.0,ASUS,ASUS GTX780TI-3GD5 G-SYNC Support GeForce GTX 780 Ti 3GB 384-Bit GDDR5 PCI Express 3.0 HDCP Ready SLI Support Video Card,GTX780TI-3GD5,329.0,Free Shipping,,3.0,Other,109.67,Entry-level (<$500)
https://c1.neweggimages.com/productimage/nb300/14-126-531-01.jpg,4.9,17.0,ASUS,"ASUS Dual NVIDIA GeForce RTX 3070 V2 OC Edition Gaming Graphics Card (PCIe 4.0, 8GB GDDR6, LHR, HDMI 2.1, DisplayPort 1.4a, Axial-tech Fan Design, Dual BIOS, Protective Backplate)",DUAL-RTX3070-O8G-V2,735.0,Free Shipping,,8.0,RTX 3000,91.88,Mid-range ($500-1200)
https://c1.neweggimages.com/productimage/nb300/14-131-785-08.jpg,1.0,1.0,PowerColor,"REFURBISHED PowerColor Red Devil AMD Radeon RX 6900 XT Ultimate Gaming Graphics Card with 16GB GDDR6 Memory, Powered by AMD RDNA 2, HDMI 2.1 (AXRX 6900XTU 16GBD6-3DHE/OC)",6900XTU 16GBD6-3DHE/,449.99,Free Shipping,,16.0,RX 6000,28.12,Entry-level (<$500)
https://c1.neweggimages.com/productimage/nb300/14-932-115-01.jpg,4.1,114.0,GIGABYTE,"GIGABYTE Geforce RTX 2060 OC 6G Graphics Card, 2 x WINDFORCE Fans, 6GB 192-Bit GDDR6, GV-N2060OC-6GD Video Card",GV-N2060OC-6GD v2.0,599.0,Free Shipping,,6.0,Other,99.83,Mid-range ($500-1200)
https://c1.neweggimages.com/productimage/nb300/14-487-522-01.jpg,5.0,1.0,REFURBISHED,"REFURBISHED EVGA GeForce RTX 3080 XC3 BLACK GAMING Video Card, 10G-P5-3881-KR, 10GB GDDR6X, iCX3 Cooling, ARGB LED",10G-P5-3881-KR,429.99,Free Shipping,,10.0,RTX 3000,43.0,Entry-level (<$500)
https://c1.neweggimages.com/productimage/nb300/ADFRD2605221ETQWTD9.jpg,,,ASUS,REFURBISHED ASUS Dual GeForce RTX 5060 Ti 8GB GDDR7 Video Graphics Card,DUAL-RTX5060TI-O8G,479.99,,,8.0,RTX 5000,60.0,Entry-level (<$500)
https://c1.neweggimages.com/productimage/nb300/BR2DD2402090B4HDT03.jpg,,,ZOTAC,"ZOTAC GAMING GeForce GTX 1650 OC 4GB GDDR6 128-bit Gaming Graphics Card, Super Compact, ZT-T16520F-10L",972365753573,355.0,Free Shipping,,4.0,GTX 1600,88.75,Entry-level (<$500)
https://c1.neweggimages.com/productimage/nb300/14-137-678-V10.jpg,4.5,28.0,MSI,MSI Ventus GeForce RTX 3080 10GB GDDR6X PCI Express 4.0 Graphics Card RTX 3080 VENTUS 3X 10G OC LHR,RTX308Ventus3X10GOCL,795.0,Free Shipping,,10.0,RTX 3000,79.5,Mid-range ($500-1200)
https://c1.neweggimages.com/productimage/nb300/14-130-604-10.jpg,4.5,501.0,EVGA,EVGA 01G-P3-1561-AR GeForce GTX 560 Ti FPB (Fermi) 1GB 256-bit GDDR5 PCI Express 2.0 x16 HDCP Ready SLI Support FPB Video Card,01G-P3-1561-AR,289.0,Free Shipping,,1.0,Other,289.0,Entry-level (<$500)
https://c1.neweggimages.com/productimage/nb300/BF9VS2308010JRI3E2E.jpg,,,NVIDIA,REFURBISHED NVIDIA GeForce RTX 3080 Founders Edition GDDR6X RTX 3080 FE Video Card,RTX 3080 Founders Ed,499.94,Free Shipping,,,RTX 3000,,Entry-level (<$500)
https://c1.neweggimages.com/productimage/nb300/14-126-231-Z01.jpg,4.4,85.0,ASUS,ASUS Cerberus GeForce GTX 1070 Ti 8GB GDDR5 PCI Express 3.0 Graphics Card CERBERUS-GTX1070TI-A8G-GAMING,CERBERUSGTX1070TIA8G,299.0,Free Shipping,,8.0,GTX 1000,37.38,Entry-level (<$500)
https://c1.neweggimages.com/productimage/nb300/ADFRD2205091DRGZR99.jpg,,,ASUS,REFURBISHED ASUS GeForce RTX 3070 DUAL 8GB GDDR6 DUAL-RTX3070-8G Video Graphic Card GPU,DUAL-3070-8G-R,360.0,$60.00 Shipping,,8.0,RTX 3000,45.0,Entry-level (<$500)
https://c1.neweggimages.com/productimage/nb300/14-487-539-01.jpg,4.7,230.0,EVGA,"EVGA GeForce RTX 3060 XC GAMING, 12G-P5-3657-KR, 12GB GDDR6, Dual-Fan, Metal Backplate",12G-P5-3657-KR,575.99,,,12.0,RTX 3000,48.0,Mid-range ($500-1200)
https://c1.neweggimages.com/productimage/nb300/AXMKS22081510DYYV78.jpg,,,XFX,"XFX SPEEDSTER SWFT210 Radeon RX 6600 XT 8GB GDDR6 PCI Express 4.0 Core Gaming Graphics Card, AMD RDNA 2 RX-66XT8DFDQ",RDNA 2 RX-66XT8DFDQ-,599.0,Free Shipping,,8.0,RX 6000,74.88,Mid-range ($500-1200)
https://c1.neweggimages.com/productimage/nb300/ADFRD2605221EUEJ921.jpg,,,ASUS,REFURBISHED ASUS Dual GeForce RTX 5070 12GB GDDR7 Video Graphics Card,DUAL-RTX5070-O12G,749.99,,,12.0,RTX 5000,62.5,Mid-range ($500-1200)
https://c1.neweggimages.com/productimage/nb300/14-133-849-24.jpg,4.5,15.0,PNY,PNY GeForce RTX 4090 24GB VERTO Triple Fan DLSS 3 VCG409024TFXPB1,VCG409024TFXPB1,3565.0,Free Shipping,,24.0,RTX 4000,148.54,High-end (>$1200)
https://c1.neweggimages.com/productimage/nb300/BP4YS25040802ZBB8C7.jpg,,,ASUS,"ASUS TUF Gaming NVIDIA GeForce RTX 4070 OC Edition Gaming Graphics Card (PCIe 4.0, 12GB GDDR6X, HDMI 2.1, DisplayPort 1.4a) TUF-RTX4070-O12G-GAMING",4070 TUF QX,899.0,Free Shipping,,12.0,RTX 4000,74.92,Mid-range ($500-1200)
https://c1.neweggimages.com/productimage/nb300/AXZZS24062907BFQ851.jpg,5.0,1.0,MAXSUN,MAXSUN Geforce RTX 4070 Super iCraft Limited Edition OC 12GB GDDR6X Video Graphics Card GPU for Computer Gaming PC HDMI2.1 DLSS 3.5 PCIE 4.0 X16 RGB,MS-GeForce RTX4070S iCraft OC 12G Ltd,980.0,Free Shipping,,12.0,RTX 4000,81.67,Mid-range ($500-1200)
https://c1.neweggimages.com/productimage/nb300/14-137-629-V03.jpg,4.8,259.0,MSI,MSI Gaming GeForce RTX 3060 12GB GDDR6 PCI Express 4.0 Graphics Card RTX 3060 Gaming X Trio 12G,RTX3060GamingXTrio12,599.0,Free Shipping,,12.0,RTX 3000,49.92,Mid-range ($500-1200)
https://c1.neweggimages.com/productimage/nb300/AWFGD210824C66VD.jpg,5.0,1.0,NVIDIA,NVIDIA GeForce GTX 1070 8GB Founders Edition GDDR5 PCI Express 3.0 Graphics Card,shoudong41,269.0,Free Shipping,,8.0,GTX 1000,33.62,Entry-level (<$500)
https://c1.neweggimages.com/productimage/nb300/14-126-727-13.png,4.5,2.0,ASUS,"ASUS TUF Gaming GeForce RTX 4070 Ti SUPER BTF White OC Edition Gaming Graphics Card (Exclusive to ASUS BTF ATX Motherboards, Graphics card high-power gold finger) TUF-RTX4070TIS-O16G-BTF-WHITE",TUF-RTX4070TIS-O16G-BTF-WHITE,1000.0,Free Shipping,1295.0,,RTX 4000,,Mid-range ($500-1200)
https://c1.neweggimages.com/productimage/nb300/14-133-867-02.jpg,4.8,15.0,PNY,PNY GeForce RTX 4080 SUPER 16GB VERTO Overclocked Triple Fan DLSS 3 VCG4080S16TFXPB1-O,VCG4080S16TFXPB1-O,1650.0,Free Shipping,,16.0,RTX 4000,103.12,High-end (>$1200)
https://c1.neweggimages.com/productimage/nb300/14-932-309-S07.jpg,4.7,15.0,GIGABYTE,GIGABYTE GeForce GTX 1650 4GB GDDR6 PCI Express 3.0 x16 Graphics Card GV-N1656OC-4GD rev. 2.0,GV-N1656OC-4GDV2,340.0,Free Shipping,,4.0,GTX 1600,85.0,Entry-level (<$500)
https://c1.neweggimages.com/productimage/nb300/A6V6_1318531677521156790fPNtw7uKD.jpg,,,NVIDIA,GeForce RTX 2070 Founders Edition 8GB GDDR6 PIC Express 3.1 Graphic Card – Turing GPU Architecture/Ray Tracing DLSS/1710 MHz/14 Gbps Memory Speed/4K HDR@60fps,B07JJ112J5,495.0,Free Shipping,,8.0,Other,61.88,Entry-level (<$500)
https://c1.neweggimages.com/productimage/nb300/BP4YS25043005P2T966.jpg,,,ASUS,"ASUS ROG Strix GeForce RTX 4080 White Edition Gaming Graphics Card (PCIe 4.0, 16GB GDDR6X, HDMI 2.1a, DisplayPort 1.4a) ROG-STRIX-RTX4080-16G-WHITE",ROG-STRIX-RTX4080-16G-WHITE ASUS,1610.0,Free Shipping,,16.0,RTX 4000,100.62,High-end (>$1200)
https://c1.neweggimages.com/productimage/nb300/14-932-813-02.jpg,4.5,115.0,GIGABYTE,GIGABYTE WindForce GeForce RTX 5060 Ti 8GB GDDR7 PCI Express 5.0 x8 ATX Graphics Card GV-N506TWF2MAX OC-8GD,GV-N506TWF2MAX OC-8GD,707.13,Free Shipping,,8.0,RTX 5000,88.39,Mid-range ($500-1200)
https://c1.neweggimages.com/productimage/nb300/A0ZXD2508140W57ZKB7.jpg,,,PNY,PNY GeForce RTX 5070 Ti 16GB GDDR7 PCI Express 5.0 x16 ATX Video Card VCG5070T16TFXPB1,VCG5070T16TFXPB1,1382.75,,,16.0,RTX 5000,86.42,High-end (>$1200)
https://c1.neweggimages.com/productimage/nb300/14-500-373-01.jpg,4.0,1.0,ZOTAC,ZOTAC ZT-90401-10P GeForce GTX TITAN X 12GB 384-Bit GDDR5 PCI Express 3.0 SLI Support Video Card,ZT-90401-10P,399.0,Free Shipping,,12.0,Other,33.25,Entry-level (<$500)
https://c1.neweggimages.com/productimage/nb300/BP4YS250701019OSH14.jpg,,,ASUS,ASUS ROG Strix GeForce RTX 5070 Ti Edition 16GB 256-Bit GDDR7 PCI Express 5.0 DLSS 4.0 Graphics Card ROG-STRIX-RTX5070TI-16G-GAMING,ROG-STRIX-RTX5070TI-16G-GAMING D7,1519.0,Free Shipping,,16.0,RTX 5000,94.94,High-end (>$1200)
https://c1.neweggimages.com/productimage/nb300/14-131-863-01.png,4.9,14.0,PowerColor,PowerColor Hellhound Radeon RX 7900 GRE 16GB GDDR6 PCI Express 4.0 ATX Graphics Card RX7900GRE 16G-L/OC,RX7900GRE 16G-L/OC,1095.0,Free Shipping,,16.0,RX 7000,68.44,Mid-range ($500-1200)
https://c1.neweggimages.com/productimage/nb300/14-131-717-Z01.jpg,4.0,138.0,PowerColor,USED - VERY GOOD PowerColor RED DRAGON Radeon RX 570 4GB GDDR5 PCI Express 3.0 CrossFireX Support ATX Graphics Card AXRX 570 4GBD5-3DHD/OC,AXRX 570 4GBD5-3DHD/,144.99,Free Shipping,,4.0,Other,36.25,Entry-level (<$500)
https://c1.neweggimages.com/productimage/nb300/14-932-378-V01.jpg,4.7,12.0,GIGABYTE,"GIGABYTE GeForce RTX 3060 Ti EAGLE OC 8GB Video Card, GV-N306TEAGLE OC-8GD (rev. 1.0)",GV-N306TEAGLE OC-8GD,695.0,Free Shipping,,8.0,RTX 3000,86.88,Mid-range ($500-1200)
https://c1.neweggimages.com/productimage/nb300/14-126-824-02.png,5.0,1.0,ASUS,ASUS ROG Astral with Detachable GC-HPWR Adapter GeForce RTX 5090 32GB GDDR7 PCI Express 5.0 ATX Graphics Card ROG-ASTRAL-RTX5090-O32G-BTF-GAMING,ROG-ASTRAL-RTX5090-O32G-BTF-GAMING,5749.99,Free Shipping,,32.0,RTX Ada (Pro),179.69,High-end (>$1200)
https://c1.neweggimages.com/productimage/nb300/14-133-608-01.jpg,,,PNY,PNY Quadro NVS 510 DirectX 11 VCNVS510VGA-PB 2GB 128-Bit DDR3 PCI Express 2.0 x16 HDCP Ready Low Profile Video Card,VCNVS510VGA-PB,85.0,Free Shipping,,2.0,Other,42.5,Entry-level (<$500)
https://c1.neweggimages.com/productimage/nb300/AKRFS211101AHblk.jpg,,,NVIDIA,NVIDIA RTX A4000 16GB PCI Express 4.0 x16 Video Card VCNRTXA4000-PB (NEW IN BOX),PNY VCNRTXA4000-PB,1325.0,Free Shipping,1399.0,16.0,Other,82.81,High-end (>$1200)
https://c1.neweggimages.com/productimage/nb300/ADFRD2408231A5JD255.jpg,,,MSI,REFURBISHED MSI GeForce GTX 1650 OC Low Profile 4GB GDDR5 1650 4GT LP OC Video Graphic Card GPU,1650 4GT LP OC-R,249.99,Free Shipping,,4.0,GTX 1600,62.5,Entry-level (<$500)
https://c1.neweggimages.com/productimage/nb300/ADFRD240705158DUEEF.jpg,,,PowerColor,REFURBISHED PowerColor Radeon RX 6750 XT Red Devil 12GB GDDR6 AXRX 6750XT 12GBD6-3DHE-OC Video Graphic Card GPU,AX 6750XT 12GBD6-3DHE-OC-R,549.99,,,12.0,RX 6000,45.83,Mid-range ($500-1200)
https://c1.neweggimages.com/productimage/nb300/14-150-839-V01.jpg,4.1,76.0,XFX,XFX Radeon RX 5700 XT 8GB GDDR6 PCI Express 4.0 ATX Graphics Card RX-57XT83LD8,RX-57XT83LD8,499.0,Free Shipping,,8.0,Other,62.38,Entry-level (<$500)
https://c1.neweggimages.com/productimage/nb300/14-932-437-V06.jpg,4.2,70.0,GIGABYTE,GIGABYTE VISION OC GeForce RTX 3080 Ti 12GB GDDR6X PCI Express 4.0 ATX Graphics Card GV-N308TVISION OC-12GD,GV-N308TVISION OC-12GD,1289.0,Free Shipping,,12.0,RTX 3000,107.42,High-end (>$1200)
https://c1.neweggimages.com/productimage/nb300/14-131-867-04.jpg,4.8,59.0,PowerColor,PowerColor Hellhound Spectral White AMD Radeon RX 7800 XT 16GB GDDR6 WHITE Graphics Card,RX7800XT 16G-L/OC/WHITE,899.0,Free Shipping,,16.0,RX 7000,56.19,Mid-range ($500-1200)
https://c1.neweggimages.com/productimage/nb300/BTK0S2508070HT03G0F.jpg,,,MAXSUN,"MAXSUN GeForce RTX 5080 iCraft AIGA OC 16G Graphics Card, 256-bit GDDR7, PCI Express 5.0 x16, DLSS 4 Video Card",RTX 5080 iCraft AIGA OC16G,2599.0,Free Shipping,,,RTX 5000,,High-end (>$1200)
https://c1.neweggimages.com/productimage/nb300/BTK0S2508070HT03G0F.jpg,,,MAXSUN,"MAXSUN GeForce RTX 5080 iCraft AIGA OC 16G Graphics Card, 256-bit GDDR7, PCI Express 5.0 x16, DLSS 4 Video Card",RTX 5080 iCraft AIGA OC16G,2599.0,Free Shipping,,,RTX 5000,,High-end (>$1200)
https://c1.neweggimages.com/productimage/nb300/14-137-682-13.jpg,3.8,5.0,MSI,REFURBISHED MSI Mech Radeon RX 6600 XT 8GB GDDR6 PCI Express 4.0 ATX Graphics Card RX 6600 XT MECH 2X 8G OC,RX 6600XT MECH2X 8G OC,449.0,Free Shipping,,8.0,RX 6000,56.12,Entry-level (<$500)
https://c1.neweggimages.com/productimage/nb300/AWFGS2306170DVCL0A1.jpg,,,ASRock,REFURBISHED ASRock AMD Radeon RX 5500 XT Challenger D 8G OC 128-bit GDDR6 241 x 127 x 42mm Video Cards,ASRock AMD Radeon RX 5500 XT Challenge1,206.0,$30.00 Shipping,,,Other,,Entry-level (<$500)
https://c1.neweggimages.com/productimage/nb300/BJ5HD2407070SUM3FB8.jpg,,,GIGABYTE,Gigabyte Geforce GTX 1050 2GB GV-N1050OC-2GD OC Graphic Cards,9489109855468,245.0,Free Shipping,,2.0,GTX 1000,122.5,Entry-level (<$500)
https://c1.neweggimages.com/productimage/nb300/BP4YS2503090TSPZK45.jpg,,,Sapphire Tech,"SAPPHIRE Tech GPU+Motherboard Combo, AMD Radeon RX 7900 XTX NITRO+ 24GB graphics card + NiTRO+ B850M WIFI AM5 Motherboard ( WiFi 6),GPU +motherboard 2-piece set",(NITRO+ 7900XTX)+(NITRO+ B850M WIFI),1659.99,Free Shipping,,24.0,RX 7000,69.17,High-end (>$1200)
https://c1.neweggimages.com/productimage/nb300/BP4YS25072407PF9132.jpg,,,ASUS,"ASUS Dual NVIDIA GeForce RTX 3050 6GB OC Edition Gaming Graphics Card - PCIe 4.0, 6GB GDDR6 Memory, HDMI 2.1, DisplayPort 1.4a, 2-slot Design, Axial-tech Fan Design, 0dB Technology, DUAL-RTX3050-O6G",DUAL-RTX3050-O6G ASUS,389.99,Free Shipping,,6.0,RTX 3000,65.0,Entry-level (<$500)
https://c1.neweggimages.com/productimage/nb300/14-137-631-03.jpg,4.8,262.0,MSI,MSI Ventus GeForce RTX 3060 12GB GDDR6 PCI Express 4.0 Graphics Card RTX 3060 Ventus 3X 12G OC,RTX3060Ventus3X12GOC,598.0,Free Shipping,632.97,12.0,RTX 3000,49.83,Mid-range ($500-1200)
https://c1.neweggimages.com/productimage/nb300/AXZZS2406280GZW4799.jpg,,,MAXSUN,"MAXSUN GeForce RTX 4060 iCraft OC ACGN Limited Edition 8GB GDDR6 (PCIe 4.0, DLSS 3.5, HDMI 2.1, DisplayPort 1.4a, RGB, Anime White GPU)",MS-GeForce RTX 4060 iCraft OC8G iCraftX2,579.0,Free Shipping,,8.0,RTX 4000,72.38,Mid-range ($500-1200)
https://c1.neweggimages.com/productimage/nb300/A6ZPD201222FQFYH.jpg,,,PNY,PNY NVIDIA Quadro RTX 5000 Graphic Card 16 GB GDDR6 TAA Compliant 4096 bit Bus Width PCI Express 3.0 x16 DisplayPort DVI VCQRTX5000TAA,VCQRTX5000TAA,814.53,$29.99 Shipping,,16.0,RTX 5000,50.91,Mid-range ($500-1200)
https://c1.neweggimages.com/productimage/nb300/BP4YS26012105GOSP0F.jpg,,,Sapphire Tech,"SAPPHIRE NITRO+ AMD RADEONTM RX 9070XT GAMING OC 16GB PHANTOMLINK POLAR, GDDR6 PCI Express 5.0 x16 ATX Graphics Card,Phantomlink PE, Phantomlink Motherboard Power Supply Rear Plug System",NiTRO+ POLAR 9070 XT PhantomlinkPE 16G,1499.0,Free Shipping,,16.0,RX 9000,93.69,High-end (>$1200)
https://c1.neweggimages.com/productimage/nb300/ACSJ_131468791096076311JXbacN4mc8.jpg,5.0,2.0,AMD,REFURBISHED HP AMD FirePro W7000 4GB 4x DisplayPort Graphics Card 703482-001,AMD-703482-001,128.99,Free Shipping,,4.0,Other,32.25,Entry-level (<$500)
https://c1.neweggimages.com/productimage/nb300/14-137-854-01.jpg,,,MSI,MSI GeForce RTX 4080 SUPER 16GB GDDR6X PCI Express 4.0 Graphics Card RTX 4080 SUPER 16G GAMING X SLIM,RTX 4080 Super Gaming X Slim,1648.0,Free Shipping,,16.0,RTX 4000,103.0,High-end (>$1200)
https://c1.neweggimages.com/productimage/nb300/14-126-735-24.jpg,,,ASUS,"ASUS ProArt GeForce RTX 4070 Ti SUPER Graphics Card (PCIe 4.0, 16GB GDDR6X, DLSS 3, HDMI 2.1a, DisplayPort 1.4a) PROART-RTX4070TIS-16G",PROART-RTX4070TIS-16G,1222.19,Free Shipping,,16.0,RTX 4000,76.39,High-end (>$1200)
https://c1.neweggimages.com/productimage/nb300/A85V_1_20180208845738060.jpg,,,MSI,REFURBISHED MSI Video Card RX 580 ARMOR 8G OC 8GB GDDR5 256Bit PCI Express,RX 580 ARMOR 8G OC,139.99,Free Shipping,,8.0,Other,17.5,Entry-level (<$500)
https://c1.neweggimages.com/productimage/nb300/BP4YS2607080JRACI12.jpg,,,NVIDIA,"NVIDIA RTX 2000 Ada 16GB Graphics card, Generation, Industrial Package, GDDR6 ECC Memory, 128-bit, 224GB/S, High-performance acceleration, AI computing, RTX 2000 Ada 16GB Video card",NVIDIA RTX 2000 Ada 16GB card,999.0,Free Shipping,,16.0,RTX Ada (Pro),62.44,Mid-range ($500-1200)
https://c1.neweggimages.com/productimage/nb300/AA4TS210129NIeEu.jpg,,,NVIDIA,REFURBISHED NVIDIA Tesla M10 Gpu Accelerator 32GB GDDR5 PCI-E 900-22405-0000-000,900-22405-0000-000,199.99,Free Shipping,,32.0,Other,6.25,Entry-level (<$500)
https://c1.neweggimages.com/productimage/nb300/BP4YS2504070K9FQN71.jpg,,,ASUS,"ASUS TUF Gaming GeForce RTX 4070 SUPER OC Edition Gaming Graphics Card (PCIe 4.0, 12GB GDDR6X, DLSS 3, HDMI 2.1a, DisplayPort 1.4a) TUF-RTX4070S-O12G-GAMING",4070S TUF O12G-GAMING QX,1159.99,Free Shipping,,12.0,RTX 4000,96.67,Mid-range ($500-1200)
https://c1.neweggimages.com/productimage/nb300/BJNDS2303290K04O21A.jpg,,,ZOTAC,REFURBISHED ZOTAC GeForce RTX 3080 Ti 12GB GDDR6X Trinity OC PCI Express 4.0 ATX Video Card ZT-A30810J-10P,ZOTAC-RTX3080TI-12G,599.99,Free Shipping,,12.0,RTX 3000,50.0,Mid-range ($500-1200)
https://c1.neweggimages.com/productimage/nb300/14-932-150-S04.jpg,4.4,81.0,GIGABYTE,"GIGABYTE GeForce GTX 1650 OC 4G Graphics Card, 2 x WINDFORCE Fans, 4GB 128-Bit GDDR5, GV-N1650OC-4GD Video Card",GV-N1650OC-4GD,259.0,Free Shipping,329.99,4.0,GTX 1600,64.75,Entry-level (<$500)
https://c1.neweggimages.com/productimage/nb300/14-500-546-18.jpg,4.5,38.0,ZOTAC,"ZOTAC GAMING GeForce RTX 4070 Ti Trinity OC DLSS 3 12GB GDDR6X 192-bit 21 Gbps PCIE 4.0 Gaming Graphics Card, IceStorm 2.0 Advanced Cooling, SPECTRA 2.0 RGB Lighting, ZT-D40710J-10P",ZT-D40710J-10P,1298.0,Free Shipping,,12.0,RTX 4000,108.17,High-end (>$1200)
https://c1.neweggimages.com/productimage/nb300/BJNDS2303290KGJ8Q27.jpg,,,ZOTAC,REFURBISHED ZOTAC GAMING GeForce RTX 3070 Ti AMP Holo 8GB GDDR6X 256-bit 19 Gbps PCIE 4.0 Gaming Graphics Card,ZOTAC-RTX3070TI-8G,389.99,Free Shipping,,8.0,RTX 3000,48.75,Entry-level (<$500)
https://c1.neweggimages.com/productimage/nb300/BP4YS2504181ECKRR20.jpg,,,Sapphire Tech,SAPPHIRE Tech PURE Radeon RX 9070 XT 16GB GDDR6 PCI Express 5.0 x16 ATX Graphics Card 11348-02-20G,SAPPHIRE PURE Radeon RX 9070 XT 16GB,1099.0,Free Shipping,,16.0,RX 9000,68.69,Mid-range ($500-1200)
https://c1.neweggimages.com/productimage/nb300/14-932-786-01.jpg,4.5,115.0,GIGABYTE,GIGABYTE AERO GeForce RTX 5060 Ti 16GB GDDR7 PCI Express 5.0 x8 ATX Graphics Card GV-N506TAERO OC-16GD,GV-N506TAERO OC-16GD,968.06,Free Shipping,,16.0,RTX 5000,60.5,Mid-range ($500-1200)
https://c1.neweggimages.com/productimage/nb300/14-932-561-23.jpg,4.3,270.0,GIGABYTE,GIGABYTE Gaming GeForce RTX 4080 16GB GDDR6X PCI Express 4.0 x16 ATX Graphics Card GV-N4080GAMING OC-16GD,GV-N4080GAMING OC-16GD,1549.0,Free Shipping,1799.0,16.0,RTX 4000,96.81,High-end (>$1200)
https://c1.neweggimages.com/productimage/nb300/BP4YS2604240FCTFX52.jpg,,,Sapphire Tech,"SAPPHIRE NITRO+RX 9070 XT 16GB PhantomLink Graphics Card, GAMING OC , GDDR6 PCI Express 5.0 x16 ATX ,Phantomlink, Phantomlink Motherboard Power Supply Rear Plug System",NITRO+RX 9070 XT 16GB PhantomLink,1799.99,Free Shipping,,16.0,RX 9000,112.5,High-end (>$1200)
https://c1.neweggimages.com/productimage/nb300/14-126-133-07.jpg,4.2,261.0,ASUS,ASUS Dual GeForce GTX 1060 3GB GDDR5 PCI Express 3.0 Graphics Card DUAL-GTX1060-O3G,DUAL-GTX1060-O3G,329.0,Free Shipping,,3.0,GTX 1000,109.67,Entry-level (<$500)
https://c1.neweggimages.com/productimage/nb300/A2W0S25040400KU2P0D.jpg,,,PNY,PNY NVIDIA GeForce RTX 5070 Graphic Card 12 GB GDDR7 Full-height,VCG507012TFXPB1,933.61,,,12.0,RTX 5000,77.8,Mid-range ($500-1200)
https://c1.neweggimages.com/productimage/nb300/14-932-353-V01.jpg,,,GIGABYTE,REFURBISHED GIGABYTE Radeon RX 5700 XT 8GB GDDR6 PCI Express 4.0 x16 ATX Graphics Card GV-R57XTGAMING-8GD,GV-R57XTGAMING-8GD,269.0,Free Shipping,,8.0,Other,33.62,Entry-level (<$500)
https://c1.neweggimages.com/productimage/nb300/BDKWS2507281C27X046.jpg,,,NVIDIA,REFURBISHED NVIDIA Tesla P40 24GB GDDR5 PCI-E 3.0 x16 GPU for Advanced AI Processing,NVIDIA Tesla P40 24GB,343.99,Free Shipping,,24.0,Other,14.33,Entry-level (<$500)
https://c1.neweggimages.com/productimage/nb300/14-137-791-01.jpg,4.8,69.0,MSI,MSI Gaming GeForce RTX 4070 12GB GDDR6X PCI Express 4.0 ATX Graphics Card RTX 4070 GAMING X TRIO 12G,RTX 4070 GAMING X TRIO 12G,869.0,Free Shipping,1090.0,12.0,RTX 4000,72.42,Mid-range ($500-1200)
https://c1.neweggimages.com/productimage/nb300/AXZZS2202090H2EIDF6.jpg,5.0,1.0,MAXSUN,MAXSUN Nvidia GeForce RTX 3060 iCraft OC Edition 12G GDDR6 Computer Video Graphics Cards GPU For Gaming PC PCI Express 4.0 x16 RGB HDMI 2.1,MS-GEFORCERTX3060ICraftOC12G,489.0,Free Shipping,,,RTX 3000,,Entry-level (<$500)
https://c1.neweggimages.com/productimage/nb300/BP4YS2505180GEW5G1A.jpg,,,ASUS,ASUS ATS Radeon RX 9070 12GB 192-Bit GDDR6 PCI Express 5.0 RDNA 4 Graphics Card ATS-RX9070GRE-O12G,ATS-RX9070GRE-O12G,959.99,Free Shipping,,12.0,RX 9000,80.0,Mid-range ($500-1200)
https://c1.neweggimages.com/productimage/nb300/A4YUD210719ZXXJA.jpg,,,GIGABYTE,USED - VERY GOOD Gigabyte GeForce GTX 1650 D6 Windforce OC 4G NVIDIA GeForce GTX 1650 4GB GDDR6 Graphics Card,GV-N1656WF2OC-4GD 2.,199.0,Free Shipping,,4.0,GTX 1600,49.75,Entry-level (<$500)
https://c1.neweggimages.com/productimage/nb300/BP4YS25060405XLMR6F.jpg,,,NVIDIA,"NVIDIA RTX A4500 20G Graphics Card, GDDR6 ECC Memory, 320-bit, Bandwidth 640 GB/s, PCI Express 4.0 x 16, Modeling and Rendering, Film and Video Post-Production",RTX A4500 20G Boxed,1495.0,Free Shipping,,640.0,Other,2.34,High-end (>$1200)
https://c1.neweggimages.com/productimage/nb300/14-500-408-S99.jpg,4.4,60.0,ZOTAC,"ZOTAC GeForce GTX 1070 Mini, ZT-P10700G-10M, 8GB GDDR5",ZT-P10700G-10M,279.0,Free Shipping,,8.0,GTX 1000,34.88,Entry-level (<$500)
